type,ZTF_name
SN Ia,ZTF21abdosld
SN Ia,ZTF21abgcgem
SN Ia,ZTF21abcrhpk
SN Ia,ZTF21abconph
SN Ia,ZTF21abcfgub
SN Ia,ZTF21aatklhw
SN Ia,ZTF21aarojxa
SN Ia,ZTF21aaqytjr
SN Ia,ZTF21aaplnxw
SN Ia,ZTF21abehrtt
SN II,ZTF21abduoun
SN II,ZTF21abczimc
SN Ia,ZTF21abbyhvw
SN Ia,ZTF21abahyyj
SN Ia,ZTF21aaxbgul
SN Ia,ZTF21aaqpykm
SN Ia,ZTF21abfqvjb
SN Ia,ZTF21abflmkk
SN Ia,ZTF21abedvkp
SN Ia,ZTF21abdlrpr
SN Ia,ZTF21abaaipx
SN Ia,ZTF21aawtazf
SN Ia,ZTF21abflgpq
SN Ia,ZTF21abgyxyn
SN Ia,ZTF21abfqisi
SN Ia,ZTF21abdgprl
SN Ia,ZTF21abfaohe
SN II,ZTF21aavhnpk
SN II,ZTF21abglcxm
SN Ia,ZTF21abfnjiu
SN Ia,ZTF21abdonkp
SN Ia,ZTF21abdmsef
SN Ia,ZTF21abcyzzi
SN Ia,ZTF21abdgcxb
SN Ia,ZTF21abdphiv
SN Ia,ZTF21abbsbov
SN Ia,ZTF21abbtgsa
SN Ia,ZTF21abecngr
SN Ia,ZTF21abfxfqu
SN Ia,ZTF21abfnfdw
SN Ia,ZTF21abfxjik
SN Ia,ZTF21abeokcr
SN Ia,ZTF21abdpgua
SN II,ZTF21abcbfsr
SN Ia,ZTF21aaxjiii
SN II,ZTF21abfxjkq
SN Ia,ZTF21abfjrjy
SN Ia,ZTF21abeeewf
SN Ia,ZTF21abdlvxh
SN II,ZTF21abcmtev
SN Ia,ZTF21abbxtwv
SN Ia,ZTF21abbewsz
SLSN-I,ZTF21abaiono
SN Ia,ZTF21aazcjbh
SN II,ZTF21aazqkeq
SN Ia,ZTF21aakvrgb
SN Ia,ZTF21abfmbix
SN Ia,ZTF21abdthxn
SN Ia,ZTF21abephjt
SN Ia,ZTF21abdhetx
SN Ia,ZTF21abctmnb
SN Ia,ZTF21abboibr
SN Ia,ZTF18aavvnzu
SN II,ZTF21aarytbc
SN Ia,ZTF21aasaxdk
SN II,ZTF21aanwmxn
SN Ia,ZTF21abezlqc
SN Ia,ZTF18aahbypm
SN Ia,ZTF21abdveqn
SN Ia,ZTF21abdlyrc
SN Ia,ZTF21abdbodg
SN Ia,ZTF21abcgufz
SN Ia,ZTF21abcxswe
SN Ia,ZTF21aazlxiw
SN Ia,ZTF21aaxwnlr
SN II,ZTF21aawrrvn
SN Ia,ZTF21aaoexgy
SN II,ZTF21abezyos
SN Ia,ZTF21abdfdwi
SN II,ZTF21abcjpnm
SN II,ZTF21abcixor
SN II,ZTF21abbxuez
SN Ia,ZTF21abatolf
SN Ia,ZTF21abaiicy
SN Ia,ZTF21aazazvw
SN Ia,ZTF21abcympb
SN Ia,ZTF21abcpazz
SN Ia,ZTF21abcahhq
SN Ia,ZTF21abcmvci
SN Ia,ZTF21abbliav
SN Ia,ZTF21aatkhrt
SN Ia,ZTF21aarskup
SN Ia,ZTF21aassamj
SN Ia,ZTF21aarzgql
SN Ia,ZTF21aasbjgq
SN Ia,ZTF21aasbxng
SN Ia,ZTF21aaqupdt
SN Ia,ZTF21aarhnwn
SN II,ZTF21aaquhqr
SN Ia,ZTF21aaprevg
SN II,ZTF21aapjphz
SN Ia,ZTF21aapkkgx
SN Ia,ZTF21aaovhxe
SN Ia,ZTF21aaloalc
SN IIn,ZTF21aafmkjk
SN II,ZTF21aagtwnt
SN Ia,ZTF21aagyxhz
SN II,ZTF21aaekeqv
SN Ia,ZTF21abcwsho
SN Ia,ZTF21aawjiss
SN Ia,ZTF21aavxruq
SN Ia,ZTF21abcrhbt
SN Ia,ZTF21abdvcaf
SN Ia,ZTF21abcxner
SN Ia,ZTF21abczuub
SN Ia,ZTF21abcmepi
SN Ia,ZTF21abchdql
SN Ia,ZTF21aauzzny
SN Ia,ZTF21aaujakt
SN Ia,ZTF21aasctwo
SN Ia,ZTF21aaqzkhx
SN Ia,ZTF21abctnoh
SN Ia,ZTF21abcmjdy
SN Ia,ZTF21abcnpnk
SN Ia,ZTF21abcmcuq
SN Ia,ZTF21abczjhy
SN Ia,ZTF21abdvaxe
SN Ia,ZTF21abcnkbe
SN Ia,ZTF21abdahjc
SN Ia,ZTF21abbzcxe
SN Ia,ZTF21abbwbja
SN Ia,ZTF21abbkglo
SN Ia,ZTF21abalnud
SN Ia,ZTF21abaeqml
SN II,ZTF21aazybsh
SN Ia,ZTF21aazcune
SN Ia,ZTF21aayrbnn
SN II,ZTF21aarjehy
SN Ia,ZTF21aaqztcg
SN II,ZTF21aaqmoof
SN II,ZTF21aamwvhr
SN Ia,ZTF21aagtqgq
SN Ia,ZTF21aaazjia
SN Ia,ZTF21abcouxj
SN Ia,ZTF21abcmlzt
SN Ia,ZTF21abcimwb
SN Ia,ZTF21abbvkpr
SN Ia,ZTF21abbkefe
SN Ia,ZTF21abamotd
SN Ia,ZTF21aaylweu
SN Ia,ZTF21aaxubqf
SN Ia,ZTF21aaxksct
SN II,ZTF21aafdvxz
SN Ia,ZTF21abcgrcj
SN II,ZTF18aawgrxz
SN Ia,ZTF18aansqov
SN Ia,ZTF21abbodnh
SN II,ZTF19aawlgne
SN Ia,ZTF21abcgxwy
SN Ia,ZTF21abbzjeq
SN Ia,ZTF21abasfmq
SN Ia,ZTF21abbgkgc
SN Ia,ZTF21abbxkzg
SN IIn,ZTF21aaxlate
SN Ia,ZTF21abccplz
SN Ia,ZTF21abbzqvv
SN II,ZTF21abbvvmf
SN IIn,ZTF21aaygmrl
SN IIn,ZTF21aaxtije
SN Ia,ZTF21aawxqia
SN Ia,ZTF21abbzhvg
SN Ia,ZTF21aazsgyr
SN II,ZTF21aazcgof
SN Ia,ZTF21aayyxum
SN II,ZTF21aaxwcof
SN II,ZTF21aavrvuj
SN Ia,ZTF21aaridvf
SN Ia,ZTF21aapfime
SN Ia,ZTF21aahptim
SN II,ZTF21abbwajr
SN Ia,ZTF21abbcsfu
SN Ia,ZTF21abcnsaa
SN Ia,ZTF21aaxvnjy
SN Ia,ZTF21aauajgk
SN II,ZTF21aatpsky
SN Ia,ZTF21aatkdcw
SN II,ZTF21aalodzw
SN Ia,ZTF21aaxkckg
SN Ia,ZTF21abceehu
SN Ia,ZTF21abaputv
SN IIn,ZTF21aaydxoo
SN II,ZTF21aaxlhyl
SN Ia,ZTF21aasyzkt
SN Ia,ZTF21abcdtoi
SN Ia,ZTF21abbjybk
SN Ia,ZTF21abahgst
SN Ia,ZTF21aazbico
SN II,ZTF20acgyjbh
SN Ia,ZTF21abaakwd
SN Ia,ZTF21aazvrjy
SN Ia,ZTF21aazwtoz
SLSN-I,ZTF21aaxtgsv
SN Ia,ZTF21aaydwzt
SN Ia,ZTF21aaxtjvm
SN Ia,ZTF21aaxstzy
SN Ia,ZTF21aawzsew
SN II,ZTF21aaweqit
SN Ia,ZTF21aavuprl
SN Ia,ZTF21aarybxo
SN Ia,ZTF21aaqwjlz
SN Ia,ZTF21aaquiwu
SN Ia,ZTF21aaqprjz
SN Ia,ZTF21aaprfkc
SN Ia,ZTF21aaqgrrf
SN II,ZTF21aajvukh
SN Ia,ZTF20acxkxxr
SN Ia,ZTF21aazqtor
SN Ia,ZTF21aazfkyj
SN IIn,ZTF21aazgkjf
SN Ia,ZTF21aayquba
SN Ia,ZTF21aayqycm
SN Ia,ZTF21aaydbtk
SN Ia,ZTF21aaxhzru
SN Ia,ZTF21aavsbkt
SN Ia,ZTF21abbkvrt
SN Ia,ZTF18actytgu
SN Ia,ZTF21abaevgu
SN Ia,ZTF21aaxsnvk
SN II,ZTF21aaxjvyl
SN Ia,ZTF21aawiwqh
SN Ia,ZTF21abflnze
SN Ia,ZTF21aazsylk
SN Ia,ZTF21abasxdp
SN IIn,ZTF21aautijg
SN Ia,ZTF21aapyiku
SN Ia,ZTF21abaphri
SN Ia,ZTF21abameyr
SN Ia,ZTF21aayqdwk
SN Ia,ZTF21aazebgh
SN Ia,ZTF21aazfmxb
SN Ia,ZTF21aaxzczy
SN Ia,ZTF21aaxuywf
SLSN-I,ZTF21aagdezv
SLSN-I,ZTF21aaxwpyv
SN II,ZTF21aazhegf
SN II,ZTF21aaxtzzj
SN Ia,ZTF21aawxdbc
SN Ia,ZTF21aaxgwtb
SN Ia,ZTF19aalvaxt
SN Ia,ZTF21abbuylk
SN Ia,ZTF21aawtewf
SN II,ZTF21aaqldsj
SLSN-I,ZTF21aaherjf
SN II,ZTF21aaxxoei
SN Ia,ZTF18acsremz
SN Ia,ZTF21aapqzxr
SN II,ZTF21aajgdpo
SN Ia,ZTF20aatznro
SN Ia,ZTF21abbaerh
SN Ia,ZTF21aazefjq
SN Ia,ZTF21aayysgs
SN Ia,ZTF21aarguvb
SN Ia,ZTF21aaxzkfe
SN Ia,ZTF21aayggyo
SN IIn,ZTF21aatwkkg
SN IIn,ZTF21aanuxvd
SLSN-I,ZTF21aaqawpd
SN Ia,ZTF21aaygkfw
SN Ia,ZTF21aazeugz
SN Ia,ZTF21aazieut
SN Ia,ZTF21aaynlsf
SN Ia,ZTF21aaxvrva
SN Ia,ZTF21aaxxjen
SN Ia,ZTF21aateglh
SN Ia,ZTF21aapvsxv
SN Ia,ZTF21aakjhcb
SN Ia,ZTF21aaxsuik
SN Ia,ZTF21aaxswlc
SN II,ZTF21aaxtepe
SN Ia,ZTF21aawlwoy
SN Ia,ZTF21aarigsr
SN IIn,ZTF21aaowaxx
SN IIn,ZTF21aakupth
SN IIn,ZTF20acxmxtu
SN Ia,ZTF21aaxzbrn
SN Ia,ZTF21aaygmiu
SN Ia,ZTF21aaxstsv
SN II,ZTF21aaxseyd
SN II,ZTF21aawmtug
SN IIn,ZTF21aavuqzr
SN II,ZTF21aaukcog
SN II,ZTF21aatabgn
SN Ia,ZTF21aaxtsum
SN Ia,ZTF21aaxtdrs
SN Ia,ZTF21aaxlbad
SN Ia,ZTF21aavodst
SN Ia,ZTF21aavxivm
SN Ia,ZTF21aawdral
SN Ia,ZTF21aavqphe
SN Ia,ZTF21aaswtok
SN II,ZTF21aapxogj
SN II,ZTF21aafkwtk
SN Ia,ZTF21aaymnuc
SN Ia,ZTF21aaublej
SN II,ZTF21aarasvn
SN Ia,ZTF21aarhzdh
SN Ia,ZTF21aaxycms
SN Ia,ZTF21aaxjpsw
SN Ia,ZTF21aamgcrv
SN II,ZTF21aagydmn
SN Ia,ZTF21aaxzdxd
SN Ia,ZTF21aaxylga
SN Ia,ZTF21aaydfro
SN Ia,ZTF21aaxwytv
SN Ia,ZTF21aaxtsqe
SN Ia,ZTF21aavodtn
SN Ia,ZTF21aarrwdu
SN Ia,ZTF20abtcijp
SN Ia,ZTF21aaxsofj
SN Ia,ZTF21aaxgzln
SN Ia,ZTF21aaxwcgj
SN Ia,ZTF21aavoete
SN Ia,ZTF21aavozbk
SN Ia,ZTF21aavhlry
SN Ia,ZTF21aaunadg
SN Ia,ZTF18aabeszt
SN Ia,ZTF21aasafkl
SN Ia,ZTF21aarejnt
SN II,ZTF21aaqjmps
SN Ia,ZTF21aaprfqv
SN II,ZTF21aatgisc
SN Ia,ZTF21aapjqdl
SN Ia,ZTF20acztnts
SN Ia,ZTF21aawyyha
SN Ia,ZTF21aawqpuf
SN Ia,ZTF21aawbbid
SN Ia,ZTF21aavbrwr
SN II,ZTF21aamqgid
SN Ia,ZTF21aaqizwm
SN Ia,ZTF21aavheiv
SN II,ZTF21aavoqpl
SN II,ZTF21aaqyuun
SN Ia,ZTF21aavqwhh
SN II,ZTF21aavdukh
SN Ia,ZTF21aatyplr
SN II,ZTF21aasfseg
SN II,ZTF21aaqgmjt
SN II,ZTF21aanzcuj
SN II,ZTF21aaglrzc
SN Ia,ZTF21aagsypp
SN Ia,ZTF21aasyydo
SN Ia,ZTF21aarrplo
SN IIn,ZTF21aaradzm
SN II,ZTF21aaqugxm
SN Ia,ZTF21aaphlty
SN Ia,ZTF19abvzwlq
SN II,ZTF21aaluqkp
SN Ia,ZTF21aavhsdw
SN Ia,ZTF21aatlesr
SN Ia,ZTF21aarwlht
SN IIn,ZTF21aarcobt
SN Ia,ZTF21aapehpx
SN II,ZTF21aaipypa
SN Ia,ZTF21aaufvpg
SN Ia,ZTF21aascwrr
SN Ia,ZTF21aarqkes
SN Ia,ZTF21aaqqwln
SN Ia,ZTF21aaqftpz
SN Ia,ZTF21aaossxf
SN IIn,ZTF21aaoqbbw
SLSN-I,ZTF21aagpymw
SN Ia,ZTF21aatwlhj
SN Ia,ZTF21aardybv
SN Ia,ZTF21aaikpnj
SN Ia,ZTF21aawckpe
SN Ia,ZTF21aaufthj
SN Ia,ZTF21aavcrdz
SN Ia,ZTF21aaugbus
SN Ia,ZTF21aatvcdl
SN Ia,ZTF21aasufxv
SN Ia,ZTF20abvdtgl
SN Ia,ZTF21aaraqpr
SN II,ZTF20abjbgjj
SN II,ZTF20aazchcq
SN Ia,ZTF21aatsafx
SN Ia,ZTF21aaskyvp
SN Ia,ZTF21aarmjai
SN Ia,ZTF21aaqyetj
SLSN-II,ZTF21aaokvio
SN II,ZTF21aatvqcl
SN Ia,ZTF21aatjavc
SN Ia,ZTF21aasbkrl
SN Ia,ZTF21aareexg
SN Ia,ZTF21aapowty
SN Ia,ZTF21aarxlwl
SN IIn,ZTF21aappkns
SN Ia,ZTF21aalydkl
SN Ia,ZTF21aauamtx
SN Ia,ZTF21aatlbsi
SN Ia,ZTF21aaswvyc
SN II,ZTF21aarlqgt
SN Ia,ZTF20acqntkr
SN Ia,ZTF21aaxbube
SN Ia,ZTF21aaupkow
SN Ia,ZTF21aasgffc
SN Ia,ZTF21aapzgtu
SN Ia,ZTF21aapkuur
SN II,ZTF21aapfdqw
SN II,ZTF21aaiaeri
SN Ia,ZTF19aagthvg
SN Ia,ZTF21aasuazz
SN Ia,ZTF21aasgrpw
SN II,ZTF21aapjmgf
SN II,ZTF21aapdulz
SLSN-I,ZTF21aakjkec
SN Ia,ZTF21aaqorav
SN II,ZTF21aaigdly
SN Ia,ZTF21aaaovua
SN Ia,ZTF21aastazz
SN II,ZTF21aasmyau
SLSN-I,ZTF21aappdnv
SN Ia,ZTF21aavutkm
SN Ia,ZTF21aamokak
SN IIn,ZTF21aagnqnz
SN Ia,ZTF21aaetnfe
SN Ia,ZTF21aaskwgm
SN Ia,ZTF21aarxsfm
SN Ia,ZTF21aapzzgf
SN Ia,ZTF21aapxtqg
SN Ia,ZTF21aaprddk
SN Ia,ZTF21aanwbhk
SN Ia,ZTF21aaomuka
SN Ia,ZTF21aamgrtx
SN II,ZTF21aaizyqc
SN Ia,ZTF21aarerya
SN Ia,ZTF18aansqom
SN Ia,ZTF21aaptmrn
SN Ia,ZTF21aaogifb
SN Ia,ZTF21aamfcji
SN Ia,ZTF21aalnxkl
SN Ia,ZTF20achtubm
SN Ia,ZTF20abpvhij
SN II,ZTF21aapdxxs
SN II,ZTF21aapffqd
SN Ia,ZTF21aarohyu
SN Ia,ZTF21aaqvmix
SN Ia,ZTF21aagrbpi
SN Ia,ZTF21aaoekcj
SN II,ZTF21aamwqim
SN Ia,ZTF21aarmkuj
SN Ia,ZTF21aaqvuyf
SN Ia,ZTF20acselme
SN Ia,ZTF21aaqwbgq
SN Ia,ZTF21aaqqlfw
SN Ia,ZTF21aapdphm
SN Ia,ZTF21aasaxfg
SN Ia,ZTF21aarjczf
SN Ia,ZTF21aarcldd
SN Ia,ZTF21aaqsprr
SN Ia,ZTF21abcipjg
SN IIn,ZTF21aaqhqke
SN Ia,ZTF21aaptmqr
SN Ia,ZTF21aaphzsw
SN Ia,ZTF21aapdmnr
SN Ia,ZTF21aagtcgb
SN Ia,ZTF21aaqzqaa
SN Ia,ZTF21aaoqvzv
SN Ia,ZTF21aaplooj
SN Ia,ZTF21aapnlfx
SN Ia,ZTF21aapjcqb
SN Ia,ZTF21aajtszm
SN Ia,ZTF21aaifyvi
SN Ia,ZTF21aagxmcs
SN Ia,ZTF21aaqujke
SN Ia,ZTF21aaoexjt
SLSN-II,ZTF21aanefkx
SN Ia,ZTF21aaqdxzv
SN Ia,ZTF21aaoqcnh
SN Ia,ZTF21aanuyro
SN II,ZTF21aanrhag
SN Ia,ZTF21aalnyny
SN Ia,ZTF21aakijia
SN Ia,ZTF21aaplfah
SN Ia,ZTF21aaobcrz
SN Ia,ZTF21aaptouk
SN Ia,ZTF21aapejbx
SN II,ZTF21aalxurx
SN II,ZTF21aagtvjq
SN Ia,ZTF20acyroke
SN Ia,ZTF21aappehx
SN Ia,ZTF21aaplnef
SN Ia,ZTF21aanswls
SN II,ZTF21aagtekf
SN Ia,ZTF21aaoqefp
SN Ia,ZTF21aaqafcf
SN II,ZTF21aapegtd
SN Ia,ZTF21aaphvyi
SN II,ZTF21aantsla
SN Ia,ZTF21aagtuzm
SN Ia,ZTF21aapomdb
SN Ia,ZTF21aaodljj
SN IIn,ZTF21aahfjrr
SN Ia,ZTF21aapkvrd
SN Ia,ZTF21aaoghxv
SN Ia,ZTF18aaizgoq
SN Ia,ZTF21aappktx
SN Ia,ZTF21aapkfjx
SN Ia,ZTF21aamnngb
SN II,ZTF21aahgspm
SN Ia,ZTF21abgilzj
SN Ia,ZTF21aapfpod
SN Ia,ZTF21aapduck
SN Ia,ZTF21aaprgdh
SN II,ZTF21aapliyn
SN Ia,ZTF21aappcvm
SN Ia,ZTF21aaovdlh
SN Ia,ZTF21aaocibg
SN Ia,ZTF21aaogglh
SN Ia,ZTF21aamuniy
SN Ia,ZTF21aahvuvi
SN Ia,ZTF21aafnabs
SN Ia,ZTF20acwfcfs
SN II,ZTF20acveadu
SN II,ZTF21aaobkmg
SN Ia,ZTF21aanyyde
SN Ia,ZTF21aaopqqk
SN Ia,ZTF21aapkhsc
SN Ia,ZTF21aanxiax
SN Ia,ZTF18acjxyak
SN II,ZTF20acvezdt
SN Ia,ZTF21aaoppzc
SN Ia,ZTF21aamttit
SN Ia,ZTF21aagsgit
SN Ia,ZTF21aahccrk
SN Ia,ZTF21aagrjag
SN Ia,ZTF21aagnwkk
SN Ia,ZTF21aagmogi
SN Ia,ZTF21aaeoxfd
SN Ia,ZTF21aabxztv
SN Ia,ZTF21aacvrzy
SN Ia,ZTF21aacudxe
SN Ia,ZTF21aaaawur
SN Ia,ZTF21aaabxln
SN Ia,ZTF20acyybvq
SN Ia,ZTF20acuowxj
SN Ia,ZTF20acqnthg
SN Ia,ZTF20acrufey
SN Ia,ZTF21aamsiqk
SN Ia,ZTF21aamiukc
SN II,ZTF21aagnzjy
SN Ia,ZTF21aaaodzf
SN IIn,ZTF20acounxo
SN Ia,ZTF21aantxma
SN Ia,ZTF21aalhrtk
SN Ia,ZTF21aamhtui
SN Ia,ZTF21aalgqsv
SN Ia,ZTF21aaflcai
SN Ia,ZTF21aaljjvt
SN Ia,ZTF21aalgszc
SN Ia,ZTF21aalenaa
SN Ia,ZTF21aagocky
SN II,ZTF21aagbeah
SN Ia,ZTF20acyxrez
SN II,ZTF20acndwyv
SN II,ZTF21aamzuxi
SN Ia,ZTF21aalofsw
SN Ia,ZTF21aamjgfp
SN Ia,ZTF21aagogqe
SN Ia,ZTF21aagtill
SN IIn,ZTF21aaffxdt
SN Ia,ZTF21aaejeyu
SN Ia,ZTF20acyrhbo
SN Ia,ZTF20acwphqb
SN Ia,ZTF20actvfgr
SN Ia,ZTF21aagocor
SN Ia,ZTF21aagteny
SN Ia,ZTF21aafgljq
SN II,ZTF21aabkyvc
SN Ia,ZTF20acvemao
SN Ia,ZTF20acusneh
SN Ia,ZTF20acowata
SN Ia,ZTF21aalnhby
SN Ia,ZTF21aaflzqy
SN II,ZTF21aacknob
SN IIn,ZTF20actkulc
SN Ia,ZTF21aanyfqu
SN Ia,ZTF21aanwfjk
SN Ia,ZTF21aajaljq
SN Ia,ZTF21aakbgpf
SN Ia,ZTF18aatgdph
SN Ia,ZTF21aagtceu
SN II,ZTF21aanplys
SN II,ZTF21aanfuuk
SN Ia,ZTF21aalxurs
SN Ia,ZTF21aaczpca
SN Ia,ZTF21aamwzfi
SN Ia,ZTF21aalekwo
SN Ia,ZTF21aakzmaq
SN Ia,ZTF21aahfjlo
SN Ia,ZTF21aamvikq
SN Ia,ZTF21aajdbhw
SN Ia,ZTF21aajvtsq
SN II,ZTF20acvjagm
SN Ia,ZTF18ablmduj
SN Ia,ZTF21aamxduf
SN Ia,ZTF21aamkxbl
SN II,ZTF21aanhvpo
SN Ia,ZTF21aaluoym
SN Ia,ZTF21aagojfe
SN Ia,ZTF20acxzqyp
SN Ia,ZTF21aamwyql
SN Ia,ZTF21aakildf
SN Ia,ZTF21aaaoviv
SN Ia,ZTF21aalkknw
SN Ia,ZTF21aakyqkb
SN Ia,ZTF21aagoliy
SN Ia,ZTF21aamcpte
SN Ia,ZTF21aalyvyw
SN Ia,ZTF21aalcsng
SN Ia,ZTF21aalkodo
SN II,ZTF21aagtqna
SN Ia,ZTF21aagmryd
SN Ia,ZTF21aaheulr
SN Ia,ZTF21aalinof
SN II,ZTF21aagsysd
SN Ia,ZTF21aaahtln
SN II,ZTF20acvjlev
SN Ia,ZTF20acugxbm
SN Ia,ZTF21aahkvem
SN II,ZTF21aaiaqhh
SN II,ZTF21aahduvm
SN Ia,ZTF21aagmqic
SN II,ZTF21aaejeub
SN II,ZTF21aadacxv
SN Ia,ZTF21aaaewsb
SN II,ZTF20acytfkf
SN Ia,ZTF21aaknzxo
SN Ia,ZTF20acwomqh
SN II,ZTF20actodrq
SN II,ZTF19acaqqke
SN Ia,ZTF21aahtmlu
SN Ia,ZTF21aagsihi
SN Ia,ZTF18aawfofp
SN Ia,ZTF21aacxung
SN Ia,ZTF20aczfwjj
SN II,ZTF20acxtdcm
SN Ia,ZTF21aajmkrd
SN Ia,ZTF21aambvzd
SN Ia,ZTF21aakybgi
SN Ia,ZTF21aaksblr
SN II,ZTF21aabjesm
SN Ia,ZTF21aajfpwk
SN Ia,ZTF21aakvhtz
SN Ia,ZTF21aaabvoj
SN Ia,ZTF20aaqnnrn
SN Ia,ZTF18acakjaf
SN Ia,ZTF21aalxpnl
SN Ia,ZTF21aajuerd
SN II,ZTF21aakigqr
SN Ia,ZTF21aahzspd
SN Ia,ZTF21aahnkut
SN Ia,ZTF21aaglgcb
SN II,ZTF21aaevrjl
SLSN-I,ZTF19adajybt
SLSN-I,ZTF19adaivcf
SLSN-I,ZTF19acyjzbe
SLSN-I,ZTF19ackjrru
SLSN-I,ZTF19abzqmau
SLSN-I,ZTF19abuogff
SLSN-I,ZTF19abkfshj
SLSN-I,ZTF19abctjtj
SN Ia,ZTF21aamesud
SN Ia,ZTF18aadlaxo
SN Ia,ZTF21aaiimkv
SN Ia,ZTF21aahargb
SN Ia,ZTF21aalimtr
SN IIn,ZTF20aczgmai
SN Ia,ZTF21aacpasn
SN Ia,ZTF20acpgnej
SN Ia,ZTF21aaigqir
SN Ia,ZTF21aallfyn
SN Ia,ZTF20acxncha
SN Ia,ZTF20acynllu
SN Ia,ZTF20acwujgz
SN Ia,ZTF20acuosvy
SN Ia,ZTF20actskcf
SN II,ZTF20acufmte
SN Ia,ZTF20acrcewc
SN Ia,ZTF20actiymd
SN Ia,ZTF20acrerzb
SN Ia,ZTF20acqzpta
SN Ia,ZTF20acpjcoe
SN Ia,ZTF20acqksdi
SN Ia,ZTF20acpiywu
SN Ia,ZTF20acphdbu
SN Ia,ZTF20acplhku
SN II,ZTF20acpqbfu
SN Ia,ZTF21aagolqa
SN Ia,ZTF21aacvhsc
SN Ia,ZTF21aabhxxj
SN Ia,ZTF21aabhqng
SN Ia,ZTF21aaateuz
SN Ia,ZTF21aaampui
SN Ia,ZTF21aaabtyq
SN Ia,ZTF21aaabviz
SN Ia,ZTF20acxpvhu
SN Ia,ZTF20acwxbyr
SN Ia,ZTF20acvagdq
SN Ia,ZTF20acrdemq
SLSN-I,ZTF20acjaayt
SN II,ZTF20acqexmr
SN Ia,ZTF20acyhena
SN Ia,ZTF20acowddo
SN II,ZTF18abaeqpf
SN Ia,ZTF21aagygzv
SN Ia,ZTF21aaabaey
SN Ia,ZTF20actfoxr
SN Ia,ZTF21aahptas
SN Ia,ZTF21aaihala
SN Ia,ZTF21aaglxow
SN Ia,ZTF21aaezixn
SN Ia,ZTF21aadtkki
SN Ia,ZTF20acrseou
SN Ia,ZTF20acujaft
SN II,ZTF20acouofb
SN Ia,ZTF20acqvgav
SN Ia,ZTF20acptdpf
SN Ia,ZTF20acpkzxq
SN Ia,ZTF20acoyvdg
SN Ia,ZTF20acoykif
SN Ia,ZTF21aagofnn
SN Ia,ZTF21aagtpyw
SN Ia,ZTF21aagyvtq
SN Ia,ZTF21aagyrvh
SN Ia,ZTF21aagyhax
SN Ia,ZTF21aagtoic
SN Ia,ZTF21aagrhot
SN Ia,ZTF21aafkgvj
SN Ia,ZTF21aabvdjw
SN II,ZTF21aacwleg
SN Ia,ZTF20acyntiu
SN Ia,ZTF21aahsgan
SLSN-I,ZTF20acwmyzx
SN IIn,ZTF20aceokvr
SN Ia,ZTF19abqirpa
SN Ia,ZTF19aanhdwf
SN Ia,ZTF21aagyscx
SN Ia,ZTF21aagtexi
SN Ia,ZTF21aagmzio
SN Ia,ZTF21aafhftg
SN II,ZTF20adaduxg
SN Ia,ZTF20acjpwdk
SN Ia,ZTF20aciidkb
SN Ia,ZTF20acbnoqi
SLSN-II,ZTF20aasuiks
SN Ia,ZTF20aahubwe
SN Ia,ZTF21aaixlfe
SN II,ZTF21aafepon
SN II,ZTF20actpavu
SN Ia,ZTF21aahdpqu
SN Ia,ZTF21aagkvqa
SN Ia,ZTF21aagycmk
SN II,ZTF21aagtqpn
SN Ia,ZTF21aaflcbk
SN Ia,ZTF21aadloxe
SN Ia,ZTF21aaaigfg
SN II,ZTF20aczgvfe
SN Ia,ZTF20acvchhw
SN Ia,ZTF20acrdadi
SN II,ZTF20acpbdvm
SN Ia,ZTF21aadezmh
SN Ia,ZTF21aahaksd
SN Ia,ZTF21aaglamm
SN Ia,ZTF21aaglrfh
SN Ia,ZTF21aagmoqw
SN Ia,ZTF21aaekmoy
SN Ia,ZTF21aaabucr
SN Ia,ZTF21aagydov
SN Ia,ZTF21aaglret
SN Ia,ZTF21aagkhwf
SN Ia,ZTF21aagqiqz
SN Ia,ZTF21aafdxca
SN Ia,ZTF21aaewexx
SN Ia,ZTF21aaespww
SN II,ZTF21aaeoqxf
SN Ia,ZTF20acxqspl
SLSN-II,ZTF20achupkw
SLSN-II,ZTF20aaurzyt
SN Ia,ZTF21aagofpx
SN II,ZTF21aagqbvp
SN Ia,ZTF21aagyewh
SLSN-II,ZTF21aabvodx
SN Ia,ZTF21aacsuwx
SN II,ZTF20acxtgek
SN IIn,ZTF20acusylb
SN II,ZTF20aciwcuz
SN IIn,ZTF20acveyyv
SN Ia,ZTF21aagsfzc
SN Ia,ZTF21aagoeny
SN Ia,ZTF18abrbywo
SN Ia,ZTF21aagycrc
SN Ia,ZTF21aagvmqr
SN Ia,ZTF21aafkpnp
SN Ia,ZTF21aadebss
SN Ia,ZTF21aahdpvi
SN Ia,ZTF21aagqcnl
SN Ia,ZTF21aaebkmj
SN Ia,ZTF21aacvupj
SN IIn,ZTF21aaabxbd
SN Ia,ZTF21aaadiap
SN Ia,ZTF20acuoxrx
SN Ia,ZTF19aanipyw
SN II,ZTF19aalxoye
SN Ia,ZTF21aaekkbv
SN Ia,ZTF19aadpdqm
SN II,ZTF18adbzcry
SN Ia,ZTF21aaeotxq
SN II,ZTF21aaaduti
SN Ia,ZTF18acbuibx
SN Ia,ZTF18accpjrx
SLSN-I,ZTF20acvcpau
SN Ia,ZTF20acxmxth
SN Ia,ZTF20acxsxac
SN Ia,ZTF21aadrtcs
SN Ia,ZTF20adadrdh
SN Ia,ZTF21aaaekuh
SN Ia,ZTF21aagqcfs
SN Ia,ZTF21aadkuko
SN Ia,ZTF21aadrtqz
SN II,ZTF21aafkktu
SN Ia,ZTF21aafjjee
SN Ia,ZTF20acyvbhj
SN Ia,ZTF21aaabuoj
SN Ia,ZTF21aahfqch
SN Ia,ZTF21aaagzee
SN Ia,ZTF20acwqjaw
SN II,ZTF20acorjop
SN Ia,ZTF21aadzuil
SN Ia,ZTF21aadkgpm
SN Ia,ZTF21aackkcp
SN Ia,ZTF21aabvqlo
SN Ia,ZTF18aajjhkq
SN Ia,ZTF21aaabzap
SN Ia,ZTF20adadmsg
SN Ia,ZTF20acxooam
SN Ia,ZTF20acyjrsl
SN Ia,ZTF20acwqkuz
SN Ia,ZTF20acwfanr
SN Ia,ZTF20acwfgiy
SN Ia,ZTF20acwqlpq
SN Ia,ZTF21aadahyi
SN Ia,ZTF21aadalct
SN Ia,ZTF20acxnafa
SN Ia,ZTF20actpatx
SN Ia,ZTF21aadktwq
SN Ia,ZTF21aaaytny
SN Ia,ZTF21aaaadmo
SN Ia,ZTF21aaabzsj
SN Ia,ZTF20aczgjdx
SN Ia,ZTF20acxzkkf
SN Ia,ZTF20acxbnjd
SN Ia,ZTF20acwpfvq
SN Ia,ZTF20acwoamm
SN Ia,ZTF20acusqsp
SN II,ZTF20aasjzhg
SN Ia,ZTF21aaasxel
SN II,ZTF21aadoizf
SN Ia,ZTF21aacscvb
SN Ia,ZTF21aabyqps
SN Ia,ZTF21aaahuox
SN II,ZTF21aabfwwl
SN Ia,ZTF21aabcyvd
SN Ia,ZTF21aaaosmn
SN Ia,ZTF21aaaaddl
SN Ia,ZTF20acywbes
SN Ia,ZTF20acyyavb
SN II,ZTF21aaaadvr
SN Ia,ZTF21aaavhbu
SN II,ZTF21aadkhte
SN Ia,ZTF21aaahzpr
SN Ia,ZTF20acudkao
SN II,ZTF21aabygea
SN Ia,ZTF21aaazieb
SN Ia,ZTF21aabfson
SN Ia,ZTF21aaafgmv
SN Ia,ZTF21aaabwfl
SN Ia,ZTF20aczsjzc
SN Ia,ZTF20adadffg
SN Ia,ZTF20acxyipy
SN Ia,ZTF20acgkbjz
SN II,ZTF21aabvqmu
SN Ia,ZTF21aaaldio
SN Ia,ZTF21aaabvit
SN Ia,ZTF21aaaalaf
SN Ia,ZTF20adaghdo
SN Ia,ZTF20acymtcs
SN Ia,ZTF20acwkvgj
SN Ia,ZTF20actoakx
SN Ia,ZTF20acyvzbr
SLSN-I,ZTF21aaarmti
SN Ia,ZTF20acxpurh
SN Ia,ZTF20acwymdq
SN Ia,ZTF20acumrio
SN Ia,ZTF20actljfs
SN Ia,ZTF20acrhrcy
SN Ia,ZTF21aabpszb
SN II,ZTF21aabjfbc
SN Ia,ZTF20adagenq
SN II,ZTF20acnzkxb
SN II,ZTF21aabavaz
SN Ia,ZTF21aaafzwx
SN II,ZTF20acuhgar
SN Ia,ZTF21aabhfta
SN Ia,ZTF21aaaotku
SN Ia,ZTF21aaabvkj
SN Ia,ZTF21aaabubo
SN Ia,ZTF20adaftef
SN Ia,ZTF20acwozwz
SN Ia,ZTF20actocyw
SN Ia,ZTF20acwgayz
SN Ia,ZTF21aaaecrv
SN Ia,ZTF21aaabvjk
SN Ia,ZTF21aaaajfe
SN Ia,ZTF20acyrodl
SN Ia,ZTF20adadshh
SN II,ZTF20adadlqv
SN II,ZTF20adadlqm
SN Ia,ZTF20aczacag
SN Ia,ZTF20acyybwo
SN Ia,ZTF20aczhajq
SN Ia,ZTF20acyzsol
SN II,ZTF20acytgxf
SN II,ZTF20acqvwzb
SN Ia,ZTF20adadsgm
SN Ia,ZTF20acywefl
SN II,ZTF20acyqzeu
SN Ia,ZTF20acwncbd
SN Ia,ZTF20acwyoxc
SN Ia,ZTF20acwpixx
SN Ia,ZTF20acvdqtg
SN II,ZTF20actquzl
SN Ia,ZTF20actddoh
SN Ia,ZTF20acpklpq
SN Ia,ZTF20aczgvcg
SN Ia,ZTF20acxycfh
SN Ia,ZTF20acxbbaj
SN Ia,ZTF20acxvvnf
SN Ia,ZTF20acxznai
SN Ia,ZTF20acxtewc
SN Ia,ZTF20acxiyyp
SN Ia,ZTF20acxcxkz
SN II,ZTF20acwxrgp
SN Ia,ZTF20acwombm
SN Ia,ZTF20acwdnbw
SN Ia,ZTF20acuxpwz
SN Ia,ZTF20actveqm
SN Ia,ZTF20actpbck
SN Ia,ZTF20actrovz
SN Ia,ZTF20acppsay
SN II,ZTF20acpvbbh
SN Ia,ZTF20acobvxk
SN Ia,ZTF20acogesf
SN Ia,ZTF20acmddof
SN Ia,ZTF20acinaeq
SN II,ZTF20acifzof
SN II,ZTF20abykfsr
SLSN-I,ZTF20abpuwxl
SN Ia,ZTF20acuzlib
SN Ia,ZTF20acuimtq
SN II,ZTF20actawpa
SN II,ZTF20acrbqnp
SN Ia,ZTF20acpkqhq
SN Ia,ZTF20acoxmsr
SN Ia,ZTF20acosehg
SN II,ZTF20aciuciv
SN Ia,ZTF20achkgng
SN Ia,ZTF20acwcqnv
SN II,ZTF20actnuls
SN II,ZTF20acknpig
SN IIn,ZTF20acnvniw
SN Ia,ZTF18aahfbqp
SN Ia,ZTF20acwcfvx
SN Ia,ZTF20acuoclk
SN Ia,ZTF20acuzjqk
SLSN-I,ZTF20acpyldh
SN Ia,ZTF20actvlbq
SN Ia,ZTF20acowuix
SN Ia,ZTF20acmfacr
SN Ia,ZTF20acynaba
SN II,ZTF20acxnakt
SN Ia,ZTF20acwqndp
SN Ia,ZTF20acwyihb
SN Ia,ZTF20acwpaov
SN Ia,ZTF20acwkwqn
SN Ia,ZTF20acvziuf
SN Ia,ZTF20acwijiy
SN Ia,ZTF20acvhuxc
SN Ia,ZTF20acvkjrm
SN Ia,ZTF20acuobve
SN Ia,ZTF20acvbcrd
SN Ia,ZTF20acumxrh
SN II,ZTF20acpgokr
SN Ia,ZTF20acgyvgs
SN II,ZTF20acgchsp
SN Ia,ZTF20aamiwbp
SN Ia,ZTF19acgcxop
SN Ia,ZTF19abfwtkw
SN Ia,ZTF20acyvzef
SN II,ZTF20acxdlcd
SN Ia,ZTF20acqlfwb
SN Ia,ZTF20acynjjo
SN Ia,ZTF20acxdawc
SN Ia,ZTF20acwogqz
SN II,ZTF20acwlsro
SN IIn,ZTF20acqqdkl
SN Ia,ZTF20acxlaih
SN Ia,ZTF21aagyxgr
SN Ia,ZTF20acqzjqz
SN Ia,ZTF20acvejem
SN Ia,ZTF20acwytmh
SN Ia,ZTF20acwgnxk
SN Ia,ZTF20acwfftd
SN Ia,ZTF20acweyro
SN Ia,ZTF20acviwcr
SN Ia,ZTF20acukxat
SN II,ZTF20actnzzk
SN Ia,ZTF20actvpyc
SN Ia,ZTF20acsfdnn
SN Ia,ZTF20acpwmui
SN Ia,ZTF20acpgnsn
SN Ia,ZTF20acoxdas
SN Ia,ZTF20acnvzga
SN II,ZTF20acwgxhk
SN Ia,ZTF20acovrzx
SN Ia,ZTF20ackpjmb
SN IIn,ZTF20acisvli
SN Ia,ZTF20acitbmh
SN Ia,ZTF20acikuon
SN Ia,ZTF20acurtpj
SN Ia,ZTF20acuspji
SN Ia,ZTF20acurrzb
SN Ia,ZTF20aculruc
SN Ia,ZTF20actpuan
SN Ia,ZTF20acucbek
SN II,ZTF20actnzxm
SN Ia,ZTF20acpvxmk
SN Ia,ZTF20acpeldz
SN Ia,ZTF20acoxtxr
SN Ia,ZTF20acpkjsn
SN Ia,ZTF20acpbnzr
SN Ia,ZTF20acnvorm
SN II,ZTF20acnezne
SN II,ZTF20acmaaan
SN Ia,ZTF20achlced
SN Ia,ZTF20acgokbj
SN Ia,ZTF20acfaonm
SN Ia,ZTF20acwmpsj
SN Ia,ZTF20actdeqw
SN Ia,ZTF20actvgsy
SN Ia,ZTF20acordqz
SN Ia,ZTF20acumekm
SN II,ZTF20acuhren
SN II,ZTF20acuaqlf
SN Ia,ZTF20acrxrfv
SN Ia,ZTF20actfeym
SN Ia,ZTF20acsesce
SN Ia,ZTF20acrudzk
SN Ia,ZTF20acphcdv
SN Ia,ZTF20acphccy
SN Ia,ZTF20acrbpqd
SN Ia,ZTF20acpumut
SN Ia,ZTF20acpqagp
SN Ia,ZTF20acpksoc
SN Ia,ZTF20acpkled
SN Ia,ZTF20acpgzif
SN Ia,ZTF20acowpur
SN Ia,ZTF20acoyyly
SN Ia,ZTF20acovdho
SN Ia,ZTF20acoredl
SN Ia,ZTF20acoqpbg
SN Ia,ZTF20acoaqpm
SN Ia,ZTF20acnrphs
SN II,ZTF18aahrzkb
SN II,ZTF20acjbhhp
SN II,ZTF20aciubjh
SN II,ZTF20achmmex
SN II,ZTF20acggvnn
SN II,ZTF20acfvgdp
SN II,ZTF20acectxy
SN Ia,ZTF20abjwuju
SN IIn,ZTF20acwobku
SN II,ZTF20acuxihb
SN Ia,ZTF20acuwwcx
SN II,ZTF20acuxrzj
SN Ia,ZTF20acpyaap
SN II,ZTF20actkmks
SN Ia,ZTF20acwilfu
SN Ia,ZTF20acpjfln
SN Ia,ZTF20acplpur
SN II,ZTF20achaxsk
SN Ia,ZTF20achawym
SN IIn,ZTF20abyxjvm
SN II,ZTF20acbjgoa
SN II,ZTF20acvevsn
SN Ia,ZTF20acrqeje
SN II,ZTF20acpevli
SN II,ZTF20acviwgj
SN Ia,ZTF20acuzfpk
SN Ia,ZTF20acplqek
SN Ia,ZTF20acpkprl
SN Ia,ZTF20achfdib
SN Ia,ZTF20abzaknn
SN IIn,ZTF20acqgklx
SN II,ZTF20achjuyq
SN Ia,ZTF20acumcrz
SN Ia,ZTF20acpilio
SN Ia,ZTF20actlvpy
SN Ia,ZTF20acqelhh
SN Ia,ZTF20acpdrab
SN Ia,ZTF20actrwym
SN Ia,ZTF20acsdykp
SN Ia,ZTF20achadaa
SN Ia,ZTF20achtzug
SN Ia,ZTF20actjbaf
SN Ia,ZTF20acquetr
SN Ia,ZTF20acpgjac
SN II,ZTF18aacnlxz
SLSN-I,ZTF20aceicyy
SN II,ZTF20acrzwvx
SN Ia,ZTF20acpknjk
SN Ia,ZTF20acphsbv
SN Ia,ZTF20acowcee
SLSN-II,ZTF20aclnqle
SN Ia,ZTF20ackdkva
SN Ia,ZTF20aclgnds
SN Ia,ZTF20aciuftf
SN Ia,ZTF20aciuafo
SLSN-I,ZTF20acitbmf
SN Ia,ZTF20acikzzn
SN Ia,ZTF20achncqp
SN II,ZTF20achuhlt
SN Ia,ZTF20achncxi
SN Ia,ZTF20acgrwej
SLSN-II,ZTF20acbcfaa
SN Ia,ZTF20abxlwht
SN Ia,ZTF20abucjsa
SN Ia,ZTF20abahhml
SN Ia,ZTF19aanbojt
SN Ia,ZTF18abhhxcp
SN Ia,ZTF18abzwdsj
SN Ia,ZTF18abwwuug
SN Ia,ZTF18abyzlhn
SN IIn,ZTF18abltfho
SN Ia,ZTF18aalcxig
SN Ia,ZTF20acrheie
SN II,ZTF20aciubfx
SN II,ZTF20achvdtx
SN Ia,ZTF20acpjapi
SN II,ZTF20acpjbgc
SLSN-I,ZTF20acphdcg
SN II,ZTF20aclvtnk
SN Ia,ZTF20acpujxl
SN Ia,ZTF20acpmxdg
SN Ia,ZTF20acnznol
SN IIn,ZTF20acoawtj
SN Ia,ZTF20acqjmzk
SN Ia,ZTF20acppruo
SN Ia,ZTF20acoojba
SN Ia,ZTF20acndqhk
SLSN-I,ZTF20aceqspy
SN Ia,ZTF20acjfimy
SLSN-I,ZTF20acjmsdu
SN Ia,ZTF20acgsvwb
SN Ia,ZTF20acdalpf
SN II,ZTF20accrkpa
SN IIn,ZTF20acbekkx
SN Ia,ZTF20abyiycy
SN Ia,ZTF20abvaida
SN Ia,ZTF20acpylns
SN Ia,ZTF20acnsgdb
SN Ia,ZTF20acnigox
SN Ia,ZTF20aciievv
SN Ia,ZTF20acpprmy
SN Ia,ZTF20acphbem
SN II,ZTF20acordmt
SN Ia,ZTF20acojxtb
SN II,ZTF20acnrvfm
SN Ia,ZTF20acmafkf
SN Ia,ZTF20aclkcuu
SN II,ZTF20aciwrpn
SN Ia,ZTF20achsoln
SN Ia,ZTF20acgpqqr
SN II,ZTF20accrldu
SN Ia,ZTF20acpmgdz
SN Ia,ZTF20acpkpla
SN Ia,ZTF20acmbhgy
SN Ia,ZTF20acotwur
SN II,ZTF20acoplqe
SN Ia,ZTF20aclkyjg
SN Ia,ZTF20acllntr
SN Ia,ZTF20aclzegl
SN Ia,ZTF20acijssu
SN IIn,ZTF20achjwqt
SN II,ZTF20abzcefc
SN IIn,ZTF20abzhvnj
SN Ia,ZTF19acxlcdz
SN II,ZTF20acpomqu
SN Ia,ZTF20acnviyk
SN Ia,ZTF20achvmoj
SN Ia,ZTF20acfvsze
SN II,ZTF20acgided
SN Ia,ZTF20acfvqjl
SN II,ZTF20abyosmd
SN II,ZTF20abwdaeo
SN II,ZTF20acntbmx
SN II,ZTF20acongti
SN Ia,ZTF20acoyfpk
SN Ia,ZTF20acnywhz
SN Ia,ZTF20acnyxln
SN Ia,ZTF20acnsinb
SN Ia,ZTF20acntqoh
SN Ia,ZTF20ackitai
SN Ia,ZTF20acjhhqx
SN II,ZTF20acgoxns
SLSN-II,ZTF20achncvv
SN II,ZTF20acfwrln
SN Ia,ZTF20acgbkji
SN II,ZTF20acfkzcg
SN II,ZTF20acfkyll
SN II,ZTF20acbiwri
SN Ia,ZTF20achvere
SN II,ZTF20aclftuo
SN II,ZTF20acedqis
SN Ia,ZTF20acoqlrd
SN Ia,ZTF20ackhzba
SN Ia,ZTF20acifwef
SLSN-I,ZTF20acilzkh
SN Ia,ZTF20acxqaof
SN Ia,ZTF20abyyvrw
SN Ia,ZTF20acpcuwx
SN Ia,ZTF20acnvprg
SN Ia,ZTF20acaczen
SN II,ZTF20acocohy
SN Ia,ZTF20acnagjb
SN Ia,ZTF20aclxbwk
SN Ia,ZTF18abrfccm
SN IIn,ZTF20aclkvjy
SN Ia,ZTF20acmzfsz
SN Ia,ZTF20acjzzyr
SN Ia,ZTF20aclggpx
SN Ia,ZTF20aclnsts
SN Ia,ZTF20acoqlav
SN Ia,ZTF20acobevy
SN Ia,ZTF20acmxpmg
SN Ia,ZTF20acnvlgg
SN Ia,ZTF20acnwgtl
SN Ia,ZTF20ackkejs
SN Ia,ZTF20acgyulx
SN Ia,ZTF20acgprcg
SN Ia,ZTF20acgdycd
SN II,ZTF20aceyolc
SN II,ZTF20abyzoof
SN II,ZTF20abxawtg
SN Ia,ZTF20abxtiyh
SN Ia,ZTF20acnwjwp
SN Ia,ZTF20acgzjje
SN Ia,ZTF20acmntog
SN Ia,ZTF20acixidp
SN Ia,ZTF20achoqvb
SN IIn,ZTF20acklcyp
SN Ia,ZTF20ackrqfi
SN II,ZTF20acitoie
SN II,ZTF20acigusw
SN Ia,ZTF20achstwk
SN Ia,ZTF20achdwmq
SN Ia,ZTF20acflmyv
SN II,ZTF20acbcfhk
SN Ia,ZTF20acacqko
SN IIn,ZTF20aaiwgvi
SN Ia,ZTF20acisbek
SN Ia,ZTF20acgznau
SN II,ZTF20acgnenc
SN Ia,ZTF20acgnbvv
SN Ia,ZTF20abyyfmw
SN Ia,ZTF20acobamg
SN Ia,ZTF20acmgalc
SN Ia,ZTF20aclkuqh
SN Ia,ZTF20acqlcge
SN Ia,ZTF20acjsazw
SN II,ZTF20acoanjp
SN Ia,ZTF20acizliy
SN Ia,ZTF20acithxf
SN Ia,ZTF20aciowcm
SN Ia,ZTF20achsfcq
SN Ia,ZTF20acgpngg
SN Ia,ZTF20acitojm
SN Ia,ZTF20aclkyhj
SN Ia,ZTF20aclwowi
SN Ia,ZTF20ackhoek
SN Ia,ZTF20aciudrr
SN II,ZTF20acgnelh
SN Ia,ZTF20aclflxd
SN Ia,ZTF20acexvcz
SN Ia,ZTF20acctbbw
SN Ia,ZTF20ackpivo
SN Ia,ZTF20aclovun
SN Ia,ZTF20acjlkpe
SN II,ZTF20abxyiqi
SN Ia,ZTF20abnbilr
SN Ia,ZTF20aclczbr
SN II,ZTF20abybeex
SN Ia,ZTF20acihzqp
SN II,ZTF20acjfkbb
SN Ia,ZTF20absvtnc
SN Ia,ZTF20aciywlz
SN Ia,ZTF20ackobeu
SN Ia,ZTF20achrgub
SN Ia,ZTF20achbekh
SN II,ZTF20abvtybi
SN Ia,ZTF20acjutba
SN Ia,ZTF20aciugdl
SN Ia,ZTF20aciuakv
SN Ia,ZTF20abwktfx
SN II,ZTF20abxyaje
SN Ia,ZTF20acjrytv
SN Ia,ZTF20achwpvs
SN Ia,ZTF20acfnuee
SN Ia,ZTF20acdafau
SN II,ZTF20abyzomt
SN II,ZTF20aaqepvb
SN II,ZTF20ackhoov
SN Ia,ZTF20acjjkhr
SN II,ZTF20achusux
SN Ia,ZTF20accmtgt
SLSN-I,ZTF20abzumlr
SN Ia,ZTF20achzugy
SN Ia,ZTF20achtpbn
SN Ia,ZTF20acgynyw
SN II,ZTF20achbejn
SN Ia,ZTF20aceqoer
SN Ia,ZTF20abzpxxu
SN Ia,ZTF20acbakkg
SN II,ZTF20abzgegm
SN IIn,ZTF20abzjoxd
SN Ia,ZTF20abzetdf
SN Ia,ZTF20aaurwes
SN Ia,ZTF20achksbc
SN Ia,ZTF20acgyixo
SN Ia,ZTF18abuhnqs
SN Ia,ZTF20acgpigm
SN Ia,ZTF20acgrvtr
SN Ia,ZTF20abxyaqc
SN Ia,ZTF20abvyare
SN Ia,ZTF20achatyv
SN Ia,ZTF18abqtbnb
SN Ia,ZTF20acimjmc
SN II,ZTF20acjqkmg
SN Ia,ZTF20aciaxil
SN Ia,ZTF20achvmjr
SN Ia,ZTF20abgjbpj
SLSN-I,ZTF20abjwjrx
SLSN-I,ZTF20abgbxby
SLSN-II,ZTF20abawhtd
SLSN-I,ZTF20aawfxlt
SN II,ZTF20aavkomc
SN Ia,ZTF20achdcni
SN Ia,ZTF20achtxbi
SN Ia,ZTF20acgmqgv
SN Ia,ZTF20acgmvsn
SN Ia,ZTF20acriwfa
SN Ia,ZTF20accodxy
SN Ia,ZTF20acdnmpv
SN Ia,ZTF20acajvrj
SN Ia,ZTF20abzfoyg
SN II,ZTF20acbeacx
SN Ia,ZTF20abyskia
SN II,ZTF20abywydb
SN Ia,ZTF20abyleyk
SN Ia,ZTF20abxzrqw
SN Ia,ZTF20abxidyb
SN Ia,ZTF20abvqilf
SN Ia,ZTF20abrhlfb
SN Ia,ZTF20abqsrfe
SN Ia,ZTF20abxhigx
SN Ia,ZTF20abpuijn
SN Ia,ZTF20abxyajd
SN IIn,ZTF20acghodf
SN Ia,ZTF20ablqbvc
SN Ia,ZTF20abjxrhg
SN Ia,ZTF20achmgee
SN Ia,ZTF20achptde
SN II,ZTF20achnfaa
SN Ia,ZTF20acggxac
SN Ia,ZTF18acqrgkv
SN Ia,ZTF20achbkud
SN Ia,ZTF20acehyxd
SN IIn,ZTF20accvlzn
SN Ia,ZTF20achlzpt
SN Ia,ZTF20acebgre
SN Ia,ZTF20acfkkyf
SN Ia,ZTF20acezpem
SN Ia,ZTF20accsfkt
SN Ia,ZTF20acbovrt
SN II,ZTF20acaiztt
SN II,ZTF20abxyifx
SN Ia,ZTF20abzvxyk
SN Ia,ZTF20acggzxc
SN Ia,ZTF20accovje
SN Ia,ZTF20acgrvqo
SN Ia,ZTF20abzjads
SN II,ZTF20abzqlts
SN Ia,ZTF20abqgzhh
SN Ia,ZTF20abmsqaa
SN II,ZTF20abqdqyh
SN Ia,ZTF20acgnzhj
SN Ia,ZTF20abyiohf
SN Ia,ZTF20abygigy
SN Ia,ZTF20abqaqgv
SN Ia,ZTF20acgcgnf
SN Ia,ZTF20acduffd
SN II,ZTF20acfvqdz
SN Ia,ZTF20abydkrl
SN Ia,ZTF20abmdfcy
SN Ia,ZTF20abmubmh
SN Ia,ZTF20accxqqo
SN Ia,ZTF20acberfr
SN II,ZTF20accdijx
SN II,ZTF20abxkwbi
SN Ia,ZTF20abtnpwt
SN Ia,ZTF20accxzmn
SN Ia,ZTF20acberbd
SN Ia,ZTF20abyxuky
SN Ia,ZTF20abjfufv
SN Ia,ZTF20abyfmjr
SN Ia,ZTF20abxyfye
SN Ia,ZTF20abxjefm
SN Ia,ZTF20abtzhfc
SN Ia,ZTF20abqlgtv
SN Ia,ZTF20absvwdh
SN Ia,ZTF20abqnztv
SN Ia,ZTF20abqlawg
SN Ia,ZTF20abpucsd
SN Ia,ZTF20abpvolc
SN Ia,ZTF20abnwldu
SN II,ZTF20abjaapj
SN Ia,ZTF20abgbxfm
SN Ia,ZTF20abcxnkh
SN Ia,ZTF20acfvltv
SN II,ZTF20acfdmex
SN Ia,ZTF20acfasbq
SN Ia,ZTF20abysqxw
SN Ia,ZTF20acchxpm
SN IIn,ZTF20acggqfs
SN Ia,ZTF20abywpkl
SN II,ZTF20abrcsdn
SN Ia,ZTF20abxxzxy
SN Ia,ZTF20abxfiev
SN Ia,ZTF20acauthg
SN Ia,ZTF20abxkjxg
SN IIn,ZTF20abonvte
SN Ia,ZTF20acbeanu
SN Ia,ZTF18abxhsyn
SN Ia,ZTF20abypkpz
SN II,ZTF20abzoaas
SN II,ZTF20abywoaa
SN Ia,ZTF19acwqvvn
SN Ia,ZTF20abqkmlp
SN Ia,ZTF20abnvdem
SN Ia,ZTF20accagnf
SN Ia,ZTF20abzhwtq
SN IIn,ZTF20abpmqnr
SN Ia,ZTF20acbnwyb
SN Ia,ZTF20abyxnjo
SN Ia,ZTF20abzettb
SN Ia,ZTF21aanuiey
SN Ia,ZTF20abyqdyg
SN Ia,ZTF20abnofwd
SN Ia,ZTF20abxyaxt
SN Ia,ZTF20abmmkyv
SN II,ZTF20abpvhlg
SN Ia,ZTF20abkhjdq
SN Ia,ZTF20abzjvse
SN Ia,ZTF20abzcokv
SN Ia,ZTF20abzayoe
SN II,ZTF20abqferm
SN Ia,ZTF20aboytzr
SN Ia,ZTF20abzgfhl
SN II,ZTF20abxyjtx
SN Ia,ZTF20abvycvf
SN II,ZTF20abrnvnn
SN Ia,ZTF20abxpzxg
SN Ia,ZTF20abwkqxd
SN Ia,ZTF20acaapwk
SN Ia,ZTF20abzbfct
SN II,ZTF20abyzprl
SN Ia,ZTF20abyzbxa
SN Ia,ZTF20abywspv
SN II,ZTF20abyylgi
SN Ia,ZTF20abyjoxb
SN Ia,ZTF20abyjopm
SN Ia,ZTF20abxezim
SN Ia,ZTF20abxcycq
SN Ia,ZTF20abwcnhm
SN Ia,ZTF20abvowvw
SN II,ZTF20abupxie
SN Ia,ZTF20abtsecq
SN Ia,ZTF20abstsxb
SN Ia,ZTF20abqbzuv
SLSN-I,ZTF20abobpcb
SN Ia,ZTF20abzjpsv
SN Ia,ZTF20abyzgzj
SN Ia,ZTF20abyvtds
SN Ia,ZTF20abweedo
SN IIn,ZTF20abtjjhb
SN Ia,ZTF20abyptpc
SN Ia,ZTF20abylbuf
SN Ia,ZTF20abxgxjd
SN Ia,ZTF20abvykmy
SN Ia,ZTF20abyjpxx
SN Ia,ZTF20abywzvj
SN Ia,ZTF20abxyggc
SN Ia,ZTF20abvycao
SN Ia,ZTF20abwdwoa
SN Ia,ZTF20abucvpo
SN Ia,ZTF20abtfnpl
SN Ia,ZTF20abrnvwf
SN Ia,ZTF20abrempf
SN Ia,ZTF20abquppg
SN Ia,ZTF20abqfgee
SN II,ZTF20abpuxna
SN Ia,ZTF20abpyplw
SN Ia,ZTF20abzcsbt
SN Ia,ZTF20abyppuk
SN Ia,ZTF20abvyauy
SN Ia,ZTF19abwswzb
SN Ia,ZTF20abxwreg
SN Ia,ZTF20abwynwj
SN II,ZTF20abuqali
SN Ia,ZTF20abuusst
SN II,ZTF20abqlmwn
SN Ia,ZTF20abyfgri
SN Ia,ZTF20abvtozi
SN Ia,ZTF20abqnctf
SN Ia,ZTF20abmsxxr
SLSN-I,ZTF20ablkuio
SN Ia,ZTF20ablnjvp
SN II,ZTF20ablklei
SN II,ZTF20abjyorg
SN II,ZTF20abegirf
SN Ia,ZTF20abowpvf
SN Ia,ZTF20aboquuv
SN Ia,ZTF20abwyyjc
SN Ia,ZTF20abupbub
SN Ia,ZTF20abrnavu
SN Ia,ZTF20abxlham
SN Ia,ZTF20abywohm
SN Ia,ZTF20abqqwui
SN Ia,ZTF20abxrsjb
SN Ia,ZTF20abwaoey
SN Ia,ZTF20abtctgr
SN Ia,ZTF20abptxls
SN Ia,ZTF20abkdpsy
SN Ia,ZTF20abxxvzp
SN Ia,ZTF20abxyadt
SN Ia,ZTF20abwavab
SN Ia,ZTF20aadzwnu
SN Ia,ZTF20abxmgny
SN Ia,ZTF20abgbwmt
SN Ia,ZTF20abxyjfg
SN Ia,ZTF20abszzlp
SN Ia,ZTF20abvxhvg
SN Ia,ZTF20abqmmhn
SN Ia,ZTF20abtajxq
SN Ia,ZTF20abuojuw
SN Ia,ZTF20abrdvpj
SN IIn,ZTF19abzvbra
SN IIn,ZTF19abqmuns
SN IIn,ZTF19aaprwuv
SN IIn,ZTF20aawlzpj
SN IIn,ZTF18aajviok
SN IIn,ZTF20aattztb
SN IIn,ZTF20aaivhra
SN IIn,ZTF20aahapgw
SN IIn,ZTF20aaaddgy
SN IIn,ZTF19acyksne
SN IIn,ZTF19acbsnqr
SN IIn,ZTF19acftbsn
SN Ia,ZTF20absfrbq
SN IIn,ZTF19abpkjxf
SN IIn,ZTF19abiyeme
SN IIn,ZTF19abmouqp
SN IIn,ZTF19ablpasc
SN IIn,ZTF19aavsrgj
SN IIn,ZTF19aaoxfyh
SN IIn,ZTF19aalbfga
SN IIn,ZTF19aadoota
SN IIn,ZTF18acnnfty
SN IIn,ZTF18acexyqt
SN Ia,ZTF20abswjae
SN II,ZTF20abgtvhl
SN II,ZTF20abliiex
SN Ia,ZTF20abchbds
SN Ia,ZTF20abushtf
SN Ia,ZTF20abszyjg
SN Ia,ZTF20abujoya
SN Ia,ZTF18aatrkga
SN Ia,ZTF20abpeyat
SN II,ZTF20abekcdt
SN Ia,ZTF20absyium
SN Ia,ZTF20abthxfr
SN IIn,ZTF20abqgbum
SN II,ZTF20abqkaoc
SN Ia,ZTF20abqefja
SN Ia,ZTF20abjwvdh
SN Ia,ZTF20abrnklh
SN Ia,ZTF18aatafnj
SN Ia,ZTF20abpqdgh
SN II,ZTF20ablygyy
SN Ia,ZTF20abkacis
SN Ia,ZTF20abmcwll
SN IIn,ZTF19aakykhn
SN Ia,ZTF20abrgyhd
SN Ia,ZTF20abqofgc
SN Ia,ZTF20abjgfac
SN Ia,ZTF20abqetet
SN IIn,ZTF19abzfxel
SN Ia,ZTF20abpyxja
SN Ia,ZTF20abpubll
SN Ia,ZTF20abpuyau
SN Ia,ZTF20abqosnh
SN Ia,ZTF20abpqenl
SN Ia,ZTF20abpscln
SN Ia,ZTF20abnrdse
SN Ia,ZTF20abnmahn
SN Ia,ZTF20abqhnqq
SN Ia,ZTF20abglyot
SN Ia,ZTF20abgwgqj
SN Ia,ZTF20abpsbyg
SN Ia,ZTF20abmxstg
SN Ia,ZTF20aboytyf
SN Ia,ZTF20abmapla
SN Ia,ZTF20abgbfyk
SN Ia,ZTF20abfcshg
SN II,ZTF20abmoakx
SN Ia,ZTF20abkcril
SN Ia,ZTF20abgfekk
SN IIn,ZTF20aaocqkr
SN Ia,ZTF20abqcvtk
SN Ia,ZTF20abmmymj
SN Ia,ZTF20aboyujf
SN II,ZTF20abjyryn
SN II,ZTF20abjuxoy
SN II,ZTF20abjcyhg
SN Ia,ZTF20abnlsww
SN Ia,ZTF20abmspyz
SN Ia,ZTF20abkzhpk
SN Ia,ZTF20abegiry
SN II,ZTF20abisitz
SN IIn,ZTF20aazffau
SN Ia,ZTF20abmudrv
SN Ia,ZTF20abmcyox
SN II,ZTF20ablnqzc
SN Ia,ZTF20abmcxct
SN Ia,ZTF20abodgpt
SN Ia,ZTF20abmbxrq
SN Ia,ZTF20ablxtlp
SN Ia,ZTF20abmarcv
SN Ia,ZTF20aaumsrr
SN Ia,ZTF20abpglei
SN Ia,ZTF20abndopb
SN Ia,ZTF20abmxovj
SN Ia,ZTF20abmcwtd
SN IIn,ZTF20abjgpxl
SN Ia,ZTF20abndzyc
SN Ia,ZTF20abmzfql
SN Ia,ZTF20abkloyg
SN Ia,ZTF20ablvukx
SN Ia,ZTF20abkgypx
SN Ia,ZTF20abjubmm
SN Ia,ZTF20abijfqq
SN II,ZTF20abhjwvh
SN Ia,ZTF20abmxtnh
SN Ia,ZTF19aaphntn
SN Ia,ZTF20abhzgly
SN Ia,ZTF20abeolsw
SN Ia,ZTF19aaphifl
SN Ia,ZTF20abmsqpr
SN Ia,ZTF19acyksfd
SN Ia,ZTF18aaxnkos
SN Ia,ZTF18aavrzxp
SN Ia,ZTF18aaxcxih
SN Ia,ZTF20abmbycd
SN Ia,ZTF20ablagfg
SN Ia,ZTF20abkfhzy
SN Ia,ZTF20abjcuep
SN Ia,ZTF20abhjghg
SN Ia,ZTF20abmsppe
SN Ia,ZTF20abisrhp
SN II,ZTF20abjyoty
SN Ia,ZTF20abeimho
SN II,ZTF18aarqxbw
SN Ia,ZTF20abapvvq
SN Ia,ZTF20abmoans
SN II,ZTF20abmtaya
SN II,ZTF20abnnfpv
SN Ia,ZTF20abnnftk
SN Ia,ZTF20abefaya
SN Ia,ZTF20abcbxpj
SN IIn,ZTF19adalarj
SN Ia,ZTF19acjqecl
SN Ia,ZTF19acitkzs
SN Ia,ZTF19aargqez
SN IIn,ZTF18abucxcj
SN II,ZTF20abevbxv
SN Ia,ZTF18aahvndq
SN II,ZTF20aauodrj
SN Ia,ZTF19abdjwtv
SN Ia,ZTF20abmectx
SN Ia,ZTF20abjlaim
SN Ia,ZTF20abixkpg
SN Ia,ZTF19aarflsx
SN Ia,ZTF20ablkswc
SN Ia,ZTF19aaarhtg
SN Ia,ZTF20abloktg
SN II,ZTF20abkkuhh
SN Ia,ZTF20abkdxng
SN Ia,ZTF20abjrror
SN Ia,ZTF20abgdtmv
SN Ia,ZTF20abjwuuv
SN Ia,ZTF20abgwffm
SN Ia,ZTF20abfqeef
SN Ia,ZTF20abblqtl
SN II,ZTF20abmczoh
SN Ia,ZTF20abkwvgc
SN Ia,ZTF20abjxwga
SN Ia,ZTF20abjkvyt
SN Ia,ZTF20abjkxwa
SN II,ZTF20abjonjs
SN Ia,ZTF20abjbiqf
SN Ia,ZTF20abexyxk
SN Ia,ZTF20abisvtr
SN Ia,ZTF20abixkhh
SN Ia,ZTF20abipuee
SN Ia,ZTF20abhmnom
SN Ia,ZTF20abhmqdn
SN Ia,ZTF20abguygh
SN II,ZTF20aaycmhl
SN Ia,ZTF20abhrmxh
SN Ia,ZTF20abgpksj
SN II,ZTF20abgoocl
SN Ia,ZTF20abgfvav
SN Ia,ZTF20abgzvff
SN Ia,ZTF20abgfljj
SN Ia,ZTF20abgakbv
SN Ia,ZTF20abfsemq
SN Ia,ZTF20abgevcw
SN Ia,ZTF20abgijph
SN Ia,ZTF20abfhway
SN Ia,ZTF20abgdspk
SN Ia,ZTF20abgbxzn
SN Ia,ZTF20abgbiet
SN II,ZTF20abfehpe
SN Ia,ZTF20abfyriw
SN Ia,ZTF20abfemvr
SN Ia,ZTF20abfybms
SN Ia,ZTF20abewogd
SN Ia,ZTF20abfklsy
SN Ia,ZTF20abfhzhm
SN II,ZTF20abfcdkj
SN Ia,ZTF20abkhhjn
SN II,ZTF20abfhyil
SN Ia,ZTF19aapwrwg
SN Ia,ZTF20abeqsrm
SN Ia,ZTF20abektyy
SN Ia,ZTF20abegoix
SN Ia,ZTF20abeyqmx
SN Ia,ZTF20abeywdn
SN Ia,ZTF20abfcsnk
SN Ia,ZTF20abefbiq
SN Ia,ZTF18aarbaba
SN Ia,ZTF20abeyvwv
SN Ia,ZTF20abehvas
SN Ia,ZTF20abejvpr
SN II,ZTF20abeohfn
SN Ia,ZTF20abeljuj
SN Ia,ZTF20abeolig
SN Ia,ZTF20abeoicg
SN Ia,ZTF20abelnha
SN Ia,ZTF20abeldyn
SN II,ZTF20abekbzp
SN Ia,ZTF20abefzfc
SN Ia,ZTF20abedydu
SN Ia,ZTF20abeeahl
SN Ia,ZTF20abeeyrn
SN Ia,ZTF18aaiykoz
SN Ia,ZTF20abegate
SN Ia,ZTF20abefyha
SN Ia,ZTF20abcuigh
SN Ia,ZTF20abkhibz
SN Ia,ZTF20abeglzu
SN Ia,ZTF20abeeytg
SN Ia,ZTF20abeeyrs
SN Ia,ZTF20abeeyre
SN Ia,ZTF20abedygm
SN Ia,ZTF20abdxouw
SN Ia,ZTF20abedyov
SN Ia,ZTF18aaifxvz
SN Ia,ZTF20abgtran
SN Ia,ZTF20abefbnz
SN Ia,ZTF20abefdvd
SN Ia,ZTF20abeezqx
SN Ia,ZTF20abgbvgl
SN Ia,ZTF20abdxuew
SN Ia,ZTF20abdzrxo
SN Ia,ZTF20abdzief
SN II,ZTF20abdxoeu
SN Ia,ZTF20abdajyr
SN Ia,ZTF20abdxffu
SN Ia,ZTF20abcqpdj
SN Ia,ZTF20abdsunu
SN Ia,ZTF20abdtiti
SN Ia,ZTF20abctyza
SN II,ZTF20abepklv
SN II,ZTF20abdkdga
SN Ia,ZTF19abkrbjt
SN Ia,ZTF20abcxnjl
SN Ia,ZTF20abcwuwg
SN Ia,ZTF20abcsjtx
SN Ia,ZTF20abcqkts
SN Ia,ZTF20abcsbux
SN Ia,ZTF20abciflj
SN Ia,ZTF20abccojn
SN Ia,ZTF20abbozif
SN II,ZTF20abccixp
SN II,ZTF20abcgkom
SN Ia,ZTF20abchhuw
SN Ia,ZTF20abbpory
SN Ia,ZTF20abbzmue
SN Ia,ZTF20abbrptu
SN Ia,ZTF20abbihor
SN Ia,ZTF20abatmsa
SN Ia,ZTF20abcgjvq
SN Ia,ZTF20abbjwgc
SN II,ZTF20abbpkpa
SN Ia,ZTF20abbeeyt
SN Ia,ZTF20abawntz
SN Ia,ZTF20abavnaw
SN Ia,ZTF20aazwuin
SN Ia,ZTF20abbhyxu
SN II,ZTF20abbqfoi
SN Ia,ZTF20abajsne
SN Ia,ZTF18abhbqbh
SN Ia,ZTF20abbbumr
SN Ia,ZTF20abbblms
SN Ia,ZTF20abajtzc
SN Ia,ZTF20abasqfx
SN Ia,ZTF20abatfzl
SN Ia,ZTF20abasxmb
SN Ia,ZTF20abavxpk
SN Ia,ZTF20abazekd
SN Ia,ZTF20abatows
SN Ia,ZTF20abatdly
SN Ia,ZTF20abajdvf
SN Ia,ZTF20abafzxx
SN Ia,ZTF20abcxnbb
SN Ia,ZTF20abawgdl
SN Ia,ZTF20abgbdeh
SN II,ZTF18abddjpt
SN II,ZTF18aayxxew
SN Ia,ZTF20aazpnxl
SN II,ZTF20aazpphr
SN Ia,ZTF20abapyxl
SN Ia,ZTF20abaknoz
SN II,ZTF20abaovyz
SN Ia,ZTF20aakhpmp
SN II,ZTF20abahplv
SN Ia,ZTF20aazsyvu
SN Ia,ZTF20ababkom
SN Ia,ZTF20aazymxi
SN Ia,ZTF20aazpaki
SN Ia,ZTF20aazxvox
SN Ia,ZTF20aazqiel
SN Ia,ZTF20aazpoif
SN Ia,ZTF20aazooyu
SN Ia,ZTF20aazpwen
SN Ia,ZTF20aazstdx
SN Ia,ZTF20aazquhc
SN Ia,ZTF20aazbqvr
SN II,ZTF20aazswwk
SN II,ZTF20aazrxef
SN Ia,ZTF20aazjwgh
SN Ia,ZTF20aazhzen
SN Ia,ZTF20aazpapu
SN Ia,ZTF20aazoqmh
SN II,ZTF20aazpphd
SN Ia,ZTF20abahpah
SN Ia,ZTF20aazdsjr
SN Ia,ZTF20aaznoxg
SN Ia,ZTF20aazhtvi
SN Ia,ZTF20aazlvht
SN Ia,ZTF20aayvqhl
SN Ia,ZTF20aazhzna
SN Ia,ZTF20aazgxgk
SN Ia,ZTF20aazkxcw
SN Ia,ZTF20aazgtmp
SN Ia,ZTF20aaywban
SN Ia,ZTF20aayvubx
SN Ia,ZTF20aayxcyn
SN II,ZTF20aayrobw
SN Ia,ZTF20aazdsty
SN Ia,ZTF20aazdxlx
SN Ia,ZTF20aayxkqy
SN II,ZTF20aazcnrv
SN Ia,ZTF20aayxldg
SN Ia,ZTF20aayvymx
SN Ia,ZTF18aavsilo
SN Ia,ZTF20aaurmtf
SN Ia,ZTF20abeewmw
SN Ia,ZTF20aayuyak
SN Ia,ZTF20aaynavi
SLSN-I,ZTF20aayprqz
SN Ia,ZTF20aayubpi
SN Ia,ZTF20aaxcbvg
SN Ia,ZTF20aayjxdv
SN Ia,ZTF20aaybvye
SN Ia,ZTF20aayhacx
SN II,ZTF20aaynrrh
SN Ia,ZTF20aayngca
SN Ia,ZTF19aagkfvq
SN Ia,ZTF20aaymbjk
SN Ia,ZTF20aaybqae
SN Ia,ZTF20aayknlo
SN Ia,ZTF20aaxicpu
SN Ia,ZTF20aayjyhp
SN Ia,ZTF20aazewcq
SN Ia,ZTF20aayeims
SN Ia,ZTF18aangpkx
SN Ia,ZTF20aaxuwuh
SN Ia,ZTF20aazewhe
SN Ia,ZTF20aaxndzx
SN Ia,ZTF20aaxxepr
SN II,ZTF20ablqacl
SN Ia,ZTF20aaydgsu
SN II,ZTF20aaxunbm
SN Ia,ZTF20aaxfzhw
SN Ia,ZTF20aaxmtxg
SN Ia,ZTF20aaxxcms
SN Ia,ZTF20aaxxhib
SN Ia,ZTF20aaxccrm
SN Ia,ZTF20aaxbvkt
SN Ia,ZTF20aavynba
SN Ia,ZTF20aawadcp
SN Ia,ZTF20aaxablt
SN Ia,ZTF20aaxahpk
SN Ia,ZTF20aawqywr
SN II,ZTF20aayknbc
SN Ia,ZTF20aaxagnm
SN Ia,ZTF20aawwcgb
SN Ia,ZTF20aawcjrx
SN Ia,ZTF20aawdjlp
SN Ia,ZTF20aawoojh
SN Ia,ZTF20aavnnzx
SN Ia,ZTF20aawmlfq
SN II,ZTF20aawjbsf
SN II,ZTF20aawgrcu
SN II,ZTF20aavvaup
SN Ia,ZTF20aavvzlw
SN Ia,ZTF20aavzlxm
SN Ia,ZTF20abkhtbc
SN Ia,ZTF20aavofki
SN II,ZTF20aavpyxo
SN Ia,ZTF20aavrkxw
SN Ia,ZTF20aavtdxj
SN Ia,ZTF20aavqfli
SN Ia,ZTF20aavrloz
SN Ia,ZTF20aavnnat
SN Ia,ZTF20aavrukn
SN II,ZTF20aavptjf
SN Ia,ZTF20aavpnqt
SN Ia,ZTF20aavnnqo
SN Ia,ZTF20aavdgib
SN Ia,ZTF20aavfwdo
SN Ia,ZTF20aavrzha
SN II,ZTF20abcidhc
SN Ia,ZTF20aavpnlv
SN Ia,ZTF20aavvjie
SN Ia,ZTF20aavnnkm
SN Ia,ZTF20aavhqvo
SN Ia,ZTF20aauzoca
SN Ia,ZTF20aauxgjf
SN II,ZTF20aawmcrd
SN II,ZTF20abaslyx
SN Ia,ZTF20aaurknv
SN II,ZTF20aavdcxo
SN Ia,ZTF18aarikzk
SN Ia,ZTF20aaurzce
SN Ia,ZTF20aauwjla
SN Ia,ZTF20aauwjmw
SN Ia,ZTF20aauvmix
SN Ia,ZTF20aauwhyi
SN II,ZTF20aaurjbj
SN II,ZTF20aaurfhs
SN II,ZTF20aausahr
SN Ia,ZTF20aautzig
SN Ia,ZTF20aautscv
SN IIn,ZTF20aawijco
SN Ia,ZTF20aavhire
SN Ia,ZTF20aauwrod
SN Ia,ZTF20aaurhzc
SN IIn,ZTF20aaurfwa
SN Ia,ZTF20aautzif
SN Ia,ZTF20aaurfcm
SN Ia,ZTF20aauonld
SN Ia,ZTF20aausxam
SN IIn,ZTF20aavhixe
SN Ia,ZTF20aaulzvl
SN Ia,ZTF20aauuiri
SN II,ZTF20aaurgib
SN Ia,ZTF20aaurjzv
SN Ia,ZTF20aaurhio
SN II,ZTF20aauvbez
SN II,ZTF20aayxdse
SN II,ZTF20aauvjws
SN Ia,ZTF20aauyhea
SN Ia,ZTF20aaurwih
SN II,ZTF20aawxpru
SN Ia,ZTF20aaurucm
SN Ia,ZTF20aauqoim
SN Ia,ZTF20aauqrpe
SN II,ZTF20aauoktk
SN Ia,ZTF20aauqtcp
SN II,ZTF20aauqhka
SN Ia,ZTF18aajivpr
SN Ia,ZTF20aaupkac
SN II,ZTF20aawiicr
SN Ia,ZTF20aaupolv
SN Ia,ZTF20aauooag
SN II,ZTF20aauompx
SN Ia,ZTF20aauomaf
SN Ia,ZTF20aauowam
SN Ia,ZTF20aauombk
SN Ia,ZTF20aaullwp
SN Ia,ZTF20aaukudw
SN Ia,ZTF20aaummmc
SN II,ZTF20aaumlmu
SN Ia,ZTF20aaumnfl
SN II,ZTF20aaunfpj
SN II,ZTF20aatvupb
SN Ia,ZTF20aatxnxq
SN Ia,ZTF20aatvzmm
SN Ia,ZTF20aatqief
SN Ia,ZTF20aatppnn
SN Ia,ZTF20aattrld
SN Ia,ZTF20aatzwgk
SN Ia,ZTF20aatulug
SN II,ZTF20aatqgeo
SN Ia,ZTF20aattotq
SN II,ZTF20aattoch
SN II,ZTF20aaullwz
SN II,ZTF20aauqlwv
SN Ia,ZTF20aattqbi
SN Ia,ZTF20aattqnm
SN II,ZTF20aatqidk
SN Ia,ZTF20aatuqps
SN II,ZTF20aatqesi
SN II,ZTF20aaulajo
SN Ia,ZTF20aatxryt
SN Ia,ZTF20aatpxkq
SN Ia,ZTF20aatpoef
SN Ia,ZTF20aatpoeh
SN Ia,ZTF20aatzfin
SN Ia,ZTF20aatpwaf
SLSN-I,ZTF20aattyuz
SN Ia,ZTF20aattqcv
SN Ia,ZTF20aattqye
SN Ia,ZTF20aattriw
SN Ia,ZTF20aatpqps
SN Ia,ZTF20aatwonv
SN II,ZTF20aauoipy
SN Ia,ZTF20aatuwib
SN II,ZTF20aatwisu
SN Ia,ZTF20aawfnro
SN Ia,ZTF20aaubntq
SN Ia,ZTF20aaublmd
SN Ia,ZTF18acwwlla
SN Ia,ZTF20aattqfr
SN Ia,ZTF20aasxerr
SN II,ZTF20aattqle
SN Ia,ZTF20aaubotx
SN II,ZTF20aattrkw
SN Ia,ZTF20aaszzez
SN Ia,ZTF20aasxrko
SN Ia,ZTF20aasxfcd
SN Ia,ZTF20aasokxu
SN Ia,ZTF20aasdibr
SN Ia,ZTF20aasoarv
SN Ia,ZTF19acmbhvv
SN II,ZTF20aaswbty
SN IIn,ZTF20aaswzdm
SN Ia,ZTF20aascwvz
SN Ia,ZTF20aasfaxj
SN II,ZTF20aasfhia
SN Ia,ZTF20aasitrr
SN Ia,ZTF20aasitqe
SN Ia,ZTF20aasikkh
SN II,ZTF20aasijew
SN Ia,ZTF20aasfdfr
SN Ia,ZTF20aasapko
SN Ia,ZTF20aascwar
SN II,ZTF20aascvvo
SN Ia,ZTF20aasiwcu
SN Ia,ZTF20aasmdec
SN Ia,ZTF20aaqtnam
SN Ia,ZTF20aascttq
SN Ia,ZTF20aasivxr
SN Ia,ZTF20aaqzzyt
SN Ia,ZTF20aasjzgc
SN IIn,ZTF20aartnkv
SN Ia,ZTF20aarucek
SN Ia,ZTF20aaqrddh
SN Ia,ZTF20aarkdoj
SN Ia,ZTF20aasmueu
SN Ia,ZTF20aarcpql
SN Ia,ZTF20aarbozi
SN Ia,ZTF20aasnywe
SN Ia,ZTF20aaqgmji
SN Ia,ZTF20aarbget
SN Ia,ZTF20aarasxl
SN II,ZTF20aarblcr
SN II,ZTF20aarbktd
SN Ia,ZTF20aaqtebg
SN Ia,ZTF20aaqhtcd
SN Ia,ZTF20aaqvzko
SN Ia,ZTF20aaqshoz
SN Ia,ZTF20aaqpxtm
SN Ia,ZTF18abifioh
SN Ia,ZTF20aaosuzy
SN IIn,ZTF20aasivpe
SN Ia,ZTF20aaqukzi
SN Ia,ZTF20aapadwx
SN Ia,ZTF20aapcmur
SN Ia,ZTF20aaogrqe
SN II,ZTF20aaoldej
SN II,ZTF20aaqbach
SN II,ZTF20aapycrh
SN II,ZTF20aapjiwl
SN Ia,ZTF20aaowuim
SN Ia,ZTF20aappghn
SN Ia,ZTF20aappcup
SN Ia,ZTF20aaporoa
SN Ia,ZTF20aappgod
SN Ia,ZTF18abjijwk
SN II,ZTF20aaoxbju
SN Ia,ZTF20aapdgaw
SN Ia,ZTF20aaormnl
SN Ia,ZTF20acvmnje
SN II,ZTF20aapchqy
SN Ia,ZTF20aanvsds
SN Ia,ZTF20aansmsj
SN II,ZTF20aaovqfy
SN II,ZTF20aaophpu
SN Ia,ZTF20aaoojli
SN Ia,ZTF20aannodx
SN Ia,ZTF20aaomtwl
SN Ia,ZTF20aanyxvu
SN II,ZTF20aaoffej
SN IIn,ZTF20aammbvq
SN Ia,ZTF20aamifit
SN Ia,ZTF20aanbvqg
SN Ia,ZTF20aanbfbf
SN Ia,ZTF20aaodkvl
SN IIn,ZTF20aaocklb
SN Ia,ZTF20aaodnmm
SN Ia,ZTF20aamknna
SN Ia,ZTF20aansktb
SN II,ZTF20aanvqbi
SN Ia,ZTF20aanvpzo
SN Ia,ZTF20aanvqhk
SN Ia,ZTF20aamntsk
SN Ia,ZTF20aaomeaa
SN Ia,ZTF20aanvliy
SN Ia,ZTF20aamttmo
SN II,ZTF20aamttiw
SN Ia,ZTF20aansmlm
SN Ia,ZTF20aamksoq
SN Ia,ZTF20aandwrl
SN Ia,ZTF20aamqxyi
SN II,ZTF20aambtea
SN Ia,ZTF20aamuqwn
SN Ia,ZTF20aamenwg
SN Ia,ZTF20aamttni
SN Ia,ZTF20aanafwi
SN Ia,ZTF20aanafck
SN II,ZTF20aamxuwl
SN Ia,ZTF20aamxhlg
SN Ia,ZTF20aamwfea
SN Ia,ZTF20aamurxn
SN Ia,ZTF20aamujvi
SN IIn,ZTF20aamrreb
SN Ia,ZTF20aamkyyx
SN Ia,ZTF20aamerev
SN II,ZTF20aamamnp
SN II,ZTF20aamlmec
SN Ia,ZTF20aamsjws
SN Ia,ZTF20aamqslk
SN II,ZTF20aamoaim
SN Ia,ZTF20aamnvij
SN Ia,ZTF20aamovgw
SN Ia,ZTF20aamizsz
SN IIn,ZTF20aammdfk
SN Ia,ZTF20aammnnm
SN Ia,ZTF20aamknxn
SN Ia,ZTF20aamdsjv
SN Ia,ZTF20aammbrw
SN Ia,ZTF20aammgop
SN Ia,ZTF20aammhli
SN Ia,ZTF20aamgdkb
SN Ia,ZTF18aaybfsd
SN Ia,ZTF20aambbfn
SN Ia,ZTF20aamhocj
SN Ia,ZTF20aamdyal
SN Ia,ZTF20aamdqiz
SN Ia,ZTF20aamaqak
SN Ia,ZTF20aammicx
SN Ia,ZTF20aalrksw
SN Ia,ZTF20aamcvyp
SN II,ZTF20aamazzl
SN Ia,ZTF20aaljgcp
SN Ia,ZTF20aalyeut
SN II,ZTF18aaaibml
SN Ia,ZTF20aajbsxt
SN Ia,ZTF20aajjxwc
SN Ia,ZTF20aaivego
SN Ia,ZTF20aalmeaj
SN Ia,ZTF20aalejtl
SN Ia,ZTF20aalkfei
SN Ia,ZTF20aalkcea
SN Ia,ZTF20aalkfui
SN Ia,ZTF20aaknzba
SN Ia,ZTF20aamdhut
SN Ia,ZTF20aalbjpf
SN Ia,ZTF20aalbjqh
SN Ia,ZTF20aakyoez
SN II,ZTF20aalbtwh
SN Ia,ZTF20aajvcwd
SN Ia,ZTF20aakfofq
SN Ia,ZTF18adcdcrd
SN Ia,ZTF20aajystl
SN Ia,ZTF20aaivvwa
SN Ia,ZTF20aahzyep
SN Ia,ZTF20aahgmud
SN Ia,ZTF20aakndsn
SN Ia,ZTF20aakbtyz
SN Ia,ZTF20aairvsi
SN Ia,ZTF18aadzfso
SN Ia,ZTF20aanaeev
SN Ia,ZTF20aahtjat
SN Ia,ZTF20aaifyvz
SN Ia,ZTF20aaifkyj
SN Ia,ZTF20aahirqq
SN Ia,ZTF20aahmvfw
SN Ia,ZTF20aaivjce
SN Ia,ZTF20aaiihky
SN Ia,ZTF20aahjymt
SN Ia,ZTF20aahtral
SN II,ZTF20aaiovoy
SN Ia,ZTF20aalreme
SN Ia,ZTF20aaichor
SN II,ZTF20aapaikd
SN Ia,ZTF20aanadlu
SN Ia,ZTF20aahggbm
SN Ia,ZTF20aahkgcz
SN Ia,ZTF20aahptds
SN II,ZTF20aaifzfk
SN Ia,ZTF20aaifyrs
SN Ia,ZTF20aaifyab
SN Ia,ZTF20aaiawlj
SLSN-I,ZTF20aaifybu
SN Ia,ZTF20aaideho
SN Ia,ZTF20aahzyml
SN Ia,ZTF20aahqcup
SN Ia,ZTF20aahpwym
SN Ia,ZTF20aahqbib
SN Ia,ZTF20aahpxzz
SN Ia,ZTF20aahapsq
SN Ia,ZTF20aahidaa
SN II,ZTF20aahqbsr
SN Ia,ZTF20aaeujsk
SN Ia,ZTF20aaghoqz
SN II,ZTF20aaieyup
SN Ia,ZTF20aaidnyk
SN Ia,ZTF20aahidph
SN Ia,ZTF20aafwyfk
SN Ia,ZTF20aahfobk
SN Ia,ZTF20aagzqsb
SN Ia,ZTF20aagzzbi
SLSN-I,ZTF20aahbfmf
SN Ia,ZTF20aagyuvy
SN Ia,ZTF20aahdwze
SN II,ZTF20aahbamv
SN Ia,ZTF20aahaxjl
SN Ia,ZTF20aaifyfx
SN II,ZTF20aahqbun
SN Ia,ZTF20aaghnxd
SN Ia,ZTF20aafzcab
SN Ia,ZTF20aaifsri
SN Ia,ZTF20aafxrcv
SN Ia,ZTF20aagzchj
SN Ia,ZTF20aaflngq
SN Ia,ZTF20aafxygy
SN II,ZTF20aaieyuw
SN Ia,ZTF20aaghlkv
SN Ia,ZTF20aagloch
SN Ia,ZTF20aagvvnr
SN Ia,ZTF20aafwbcs
SN Ia,ZTF20aagmrid
SN Ia,ZTF20aahqabk
SN Ia,ZTF20aagnbpw
SN Ia,ZTF20aaglivt
SN II,ZTF20aagjpmt
SN II,ZTF20aagnbes
SN Ia,ZTF20aafcnem
SN Ia,ZTF20aaflaug
SN Ia,ZTF20aafrihv
SN Ia,ZTF17aadlxmv
SN Ia,ZTF20aagwczh
SN Ia,ZTF20aafrjqw
SN Ia,ZTF20aafvzhu
SN Ia,ZTF20aaghpdc
SN Ia,ZTF20aagfjlj
SN Ia,ZTF20aafjjqj
SN II,ZTF20aaflcny
SN Ia,ZTF20aafxftu
SN II,ZTF20aaekbdr
SN Ia,ZTF20aaffgwg
SN Ia,ZTF20aaezaxk
SN Ia,ZTF20aafdglk
SN Ia,ZTF20aadvaoi
SN Ia,ZTF20aaemtgw
SN Ia,ZTF20aafsnpp
SN IIn,ZTF20aadyyvk
SN Ia,ZTF20aaerzvi
SN Ia,ZTF20aafgbrf
SN Ia,ZTF20abocvpg
SN Ia,ZTF20aafciit
SN Ia,ZTF20aaezizk
SN Ia,ZTF20aafcmfi
SN II,ZTF20aafclqz
SN II,ZTF20aafclxb
SN Ia,ZTF20aafcjln
SN II,ZTF20aafckit
SN Ia,ZTF20aaeuxqk
SN Ia,ZTF20aaerqjd
SN Ia,ZTF20aadvbni
SN Ia,ZTF20aafcgca
SN Ia,ZTF20aadxcsc
SN Ia,ZTF20aaeszsm
SN Ia,ZTF20aadvunl
SN Ia,ZTF20aaevbvv
SN Ia,ZTF20aaetvkh
SN II,ZTF20aaetrle
SN Ia,ZTF20aaevgyr
SN IIn,ZTF20aadtarr
SN Ia,ZTF20aaesewy
SN IIn,ZTF20aadxrvb
SN Ia,ZTF20aaeipdz
SN Ia,ZTF20aaepsqa
SN Ia,ZTF20aaerxsd
SN II,ZTF20aaeoqqd
SN Ia,ZTF20aadxvfj
SN Ia,ZTF20aaeopvv
SN Ia,ZTF20aabbvcx
SN Ia,ZTF20aaawmxq
SN Ia,ZTF20aadyukn
SLSN-II,ZTF20aadcbvz
SN Ia,ZTF20aacbtgq
SN Ia,ZTF20aacwxut
SN II,ZTF20aaeabyu
SN Ia,ZTF20aadcdzj
SN Ia,ZTF20aabqisb
SN IIn,ZTF20aabcemq
SN IIn,ZTF20aaaweke
SN Ia,ZTF20aadfyjl
SN Ia,ZTF20aaaxrad
SN Ia,ZTF20aaavvlv
SN II,ZTF20aaazjwc
SN Ia,ZTF20aaawrja
SN Ia,ZTF19adbsfpf
SN Ia,ZTF19adbricc
SN Ia,ZTF20aadcitq
SN Ia,ZTF20aadccel
SN II,ZTF19aczkjxn
SN Ia,ZTF20aadcbux
SN Ia,ZTF20aacexgb
SN Ia,ZTF20aacevxq
SN Ia,ZTF20aakzezp
SN IIn,ZTF20aacbyec
SN Ia,ZTF20aabqdbo
SN Ia,ZTF20aacdfep
SN II,ZTF20aacewxb
SN Ia,ZTF20aabrydh
SN II,ZTF20aadchdd
SN Ia,ZTF20aaayaet
SN Ia,ZTF19adcbpcj
SN Ia,ZTF19adbnfne
SN II,ZTF20aabqwtz
SN Ia,ZTF20aabqjht
SN Ia,ZTF20aabqiti
SN Ia,ZTF20aabqiiy
SN II,ZTF20aabqiav
SN Ia,ZTF20aabcouv
SN Ia,ZTF20aaawbxl
SN Ia,ZTF20aaawbkz
SN Ia,ZTF20aaactgu
SN Ia,ZTF20aaaboph
SN Ia,ZTF20aaewban
SN Ia,ZTF19adbsciy
SN Ia,ZTF20aaaxacu
SN Ia,ZTF19adcdtyy
SN Ia,ZTF20aacciep
SN Ia,ZTF20aaaxaab
SN II,ZTF20aadyqdh
SN Ia,ZTF19adcdtkw
SN II,ZTF19adccrca
SLSN-II,ZTF19adcfsoc
SN Ia,ZTF19adcfsdr
SN II,ZTF19adbsblp
SN Ia,ZTF19adbmwto
SN Ia,ZTF19adcdgca
SN Ia,ZTF18aaizerg
SN Ia,ZTF19adcdzjm
SN Ia,ZTF19adcdrng
SN Ia,ZTF19adcbxkw
SN Ia,ZTF19adbpulv
SN Ia,ZTF19adcghvg
SN II,ZTF20aabconi
SN Ia,ZTF20aaaxerd
SN Ia,ZTF19adbnlki
SN Ia,ZTF19adbmewx
SN Ia,ZTF20aadccda
SN Ia,ZTF19adcghbt
SN Ia,ZTF19adcecwu
SN Ia,ZTF20aabqkla
SN Ia,ZTF20aabqamf
SN Ia,ZTF20aadcaop
SN II,ZTF19aczkkco
SN II,ZTF19adbryab
SN Ia,ZTF20aacbgvj
SN Ia,ZTF19adaylqy
SN II,ZTF20aacgrql
SN Ia,ZTF19adbfhal
SN II,ZTF19adaxzax
SN II,ZTF19adakmbh
SN Ia,ZTF19adalouc
SLSN-II,ZTF19abxequc
SN II,ZTF19adavzew
SN Ia,ZTF19acyqdxa
SN Ia,ZTF19aczrmvs
SN Ia,ZTF19aczeomw
SN Ia,ZTF19adafqoe
SN Ia,ZTF19adakcrw
SN Ia,ZTF19adajqcq
SN Ia,ZTF19adajqwl
SN Ia,ZTF19adajqsp
SN II,ZTF19adakacw
SN Ia,ZTF19adajivt
SN Ia,ZTF19adaiyud
SN Ia,ZTF19adaiyrd
SN Ia,ZTF18aaqvuhl
SN Ia,ZTF19acytcoi
SN Ia,ZTF19acypppb
SN Ia,ZTF19acygjgx
SN Ia,ZTF19aczllns
SN II,ZTF19aczlldp
SN Ia,ZTF19acyobbz
SN II,ZTF19aczjytt
SN Ia,ZTF19aczjzev
SN Ia,ZTF19aczjsqn
SN Ia,ZTF19aczjkxo
SN Ia,ZTF19acyqwlm
SN Ia,ZTF19acxyucu
SN Ia,ZTF19acykqyr
SN Ia,ZTF19acytidb
SN Ia,ZTF19acyiqnw
SN II,ZTF19acytcsg
SN Ia,ZTF19acyogvo
SN Ia,ZTF19acxyumq
SN Ia,ZTF19acxysob
SN Ia,ZTF19acxyfkf
SN Ia,ZTF19acynije
SN IIn,ZTF19acyldun
SN Ia,ZTF19acymzwh
SN Ia,ZTF19acyndpl
SN IIn,ZTF19acxqaot
SN Ia,ZTF19acykjcw
SN Ia,ZTF19acxzmck
SN Ia,ZTF19acykjad
SN IIn,ZTF19acyjviz
SN Ia,ZTF19acyfakk
SN Ia,ZTF19acygjmg
SN II,ZTF18aacemcn
SN Ia,ZTF19acyitga
SN Ia,ZTF19acyflhv
SN Ia,ZTF19acyfkbf
SN IIn,ZTF19acyjysk
SN IIn,ZTF19acykaae
SN II,ZTF19acxmfay
SN Ia,ZTF19acxzdht
SN Ia,ZTF19acxzafe
SN Ia,ZTF19acxmiyh
SN Ia,ZTF19acxniuc
SN Ia,ZTF19acylgic
SN Ia,ZTF19acyfoha
SN Ia,ZTF19acyltbi
SN Ia,ZTF19acxmmys
SN Ia,ZTF19acxldra
SN Ia,ZTF19acxowwt
SN Ia,ZTF19aafwrhf
SN Ia,ZTF19acxndsk
SN II,ZTF19acxowrr
SN Ia,ZTF19acxozhr
SN Ia,ZTF19acxpkpv
SN Ia,ZTF19acxyzcq
SN Ia,ZTF19acxolhu
SN Ia,ZTF19acxgxcu
SN Ia,ZTF19acxphhl
SN Ia,ZTF19acxlylb
SN Ia,ZTF19acxlddi
SN Ia,ZTF19acuybzx
SN Ia,ZTF19acxnemy
SN Ia,ZTF19acxovkl
SN Ia,ZTF19acyfkzd
SN Ia,ZTF19abtcapa
SN Ia,ZTF19acxhkvc
SN II,ZTF19acxgwvo
SN Ia,ZTF19acolhnl
SN Ia,ZTF19acwrujg
SN Ia,ZTF19acvwllm
SN Ia,ZTF19aacomym
SN Ia,ZTF19acsaoxd
SN Ia,ZTF19acvgjme
SN Ia,ZTF19acxgwid
SN Ia,ZTF19acuyvtl
SN Ia,ZTF19acygbye
SN II,ZTF19acvrjzd
SN Ia,ZTF19acyftrs
SN IIn,ZTF19acxmnkc
SN II,ZTF19acwrrvg
SN II,ZTF19acxmnlb
SN Ia,ZTF19acuymeu
SN Ia,ZTF19acvtvlo
SN Ia,ZTF19acxguhd
SN Ia,ZTF19acxovyh
SN Ia,ZTF19aculczm
SN II,ZTF19acanzwg
SN Ia,ZTF19aczjsdy
SN Ia,ZTF19acvdzfq
SN II,ZTF19acvmcdd
SN Ia,ZTF19acuitcy
SN Ia,ZTF19acvijnj
SN Ia,ZTF19acvlycr
SN IIn,ZTF19acvkibv
SN Ia,ZTF19acvgbqr
SN Ia,ZTF19acpmdzh
SN Ia,ZTF19acrichx
SN Ia,ZTF19acvrgde
SN Ia,ZTF19acvmfeg
SN Ia,ZTF19aczjyre
SN Ia,ZTF19acrvfkz
SN Ia,ZTF19aculgvn
SN Ia,ZTF19acthgxq
SN Ia,ZTF19aculypc
SN Ia,ZTF19acudiph
SN Ia,ZTF19acvrigb
SN IIn,ZTF19acukucu
SN Ia,ZTF19acthucv
SN Ia,ZTF19acngsnc
SN Ia,ZTF19aczjyuf
SN II,ZTF19acvtrxj
SN Ia,ZTF19acqdato
SN II,ZTF19acszmgx
SN Ia,ZTF19actzjrf
SN II,ZTF19actnyae
SN II,ZTF19actnwtn
SN Ia,ZTF19actldas
SN Ia,ZTF19acukcte
SN Ia,ZTF19acsvqrx
SN Ia,ZTF19actfqhp
SN Ia,ZTF19actfpma
SN Ia,ZTF19actaiag
SN Ia,ZTF19acteaxl
SN IIn,ZTF19actabny
SN Ia,ZTF19acshkft
SN Ia,ZTF19acrenwk
SN Ia,ZTF19actfpmy
SN Ia,ZTF19acrcupt
SN Ia,ZTF19acspfcb
SN Ia,ZTF19acsfvog
SN Ia,ZTF19acqypso
SN Ia,ZTF19acoyxuv
SN II,ZTF19acsbxem
SN Ia,ZTF19acmxymo
SN Ia,ZTF19acsfpmi
SN Ia,ZTF19acrwzqs
SN II,ZTF19acryurj
SN Ia,ZTF19acryaon
SN II,ZTF19acrwvao
SN Ia,ZTF19acruqph
SN II,ZTF19acmyacs
SN II,ZTF19acbwejj
SN Ia,ZTF19acmxidf
SN Ia,ZTF19acruaaa
SLSN-I,ZTF19acgjpgh
SN Ia,ZTF19acrmmpq
SN Ia,ZTF19acrdcwh
SN Ia,ZTF19acrdqej
SN Ia,ZTF19acpgaet
SN II,ZTF19acrcxri
SN Ia,ZTF19acmgyka
SN Ia,ZTF19acrbyzj
SN Ia,ZTF19acqxoll
SN II,ZTF19acwbhih
SN Ia,ZTF19acnpnqq
SN Ia,ZTF19acqupbp
SN Ia,ZTF19acoxgqw
SN Ia,ZTF19acqmwtg
SN Ia,ZTF19acfvuxk
SN Ia,ZTF19aclkbqc
SN Ia,ZTF19acqehbt
SN Ia,ZTF19acokufi
SN Ia,ZTF19acpmuwu
SN Ia,ZTF19acoaoty
SN Ia,ZTF19acpfnth
SN Ia,ZTF19acshfvz
SN Ia,ZTF19acnqsui
SN Ia,ZTF19acklbjr
SN Ia,ZTF19acmdpyr
SN Ia,ZTF19acmywjc
SLSN-II,ZTF19acmwszk
SN Ia,ZTF19acfxbxe
SN Ia,ZTF19acojxzo
SN Ia,ZTF19acnkeji
SN Ia,ZTF19acokzjy
SN Ia,ZTF19acojuzv
SN II,ZTF19ackjtfm
SN Ia,ZTF19acmwipq
SN Ia,ZTF19acnzkph
SN Ia,ZTF19acngsnb
SN Ia,ZTF19acmyljb
SN Ia,ZTF19acnfjyw
SN Ia,ZTF19acnjwgm
SN Ia,ZTF19acjerzj
SN Ia,ZTF19acjwqvo
SN Ia,ZTF21abhqjck
SN Ia,ZTF19achvpik
SN Ia,ZTF19aclofmz
SN Ia,ZTF19ackjozg
SN Ia,ZTF19ackjlrd
SN Ia,ZTF19acjurot
SN Ia,ZTF19acmwkul
SN II,ZTF19achtifr
SN Ia,ZTF19ackjvjr
SN II,ZTF19acmwfli
SN Ia,ZTF19aclyezb
SN Ia,ZTF19ackjsys
SN Ia,ZTF19aclthzj
SN Ia,ZTF19acmvrsw
SN Ia,ZTF19acmbjvi
SN Ia,ZTF19acmbiad
SN II,ZTF19aclobbu
SN Ia,ZTF19acmbkmr
SN Ia,ZTF19acmblbi
SN Ia,ZTF19achticg
SN Ia,ZTF19acjnatv
SN Ia,ZTF19acgdxel
SN Ia,ZTF19aclljyq
SN II,ZTF19acjwdnu
SN Ia,ZTF19acjwcyx
SN Ia,ZTF19aclhnkd
SN Ia,ZTF19achajnc
SN Ia,ZTF19acjuomg
SN Ia,ZTF19acjerdh
SN Ia,ZTF19acgpkye
SN II,ZTF19acfsbpa
SN Ia,ZTF19ackjmge
SN Ia,ZTF19acjjwsy
SN IIn,ZTF19acjutrw
SN II,ZTF19acjtpmm
SN Ia,ZTF19acjtkha
SN Ia,ZTF19aclhohd
SN IIn,ZTF19ackbclh
SN Ia,ZTF19acjfhom
SN Ia,ZTF19achejoc
SN Ia,ZTF19acjdufa
SN Ia,ZTF19acjdwqv
SN Ia,ZTF19ackbjtf
SN Ia,ZTF19acifuyf
SN Ia,ZTF19acitnck
SN Ia,ZTF20abazgfi
SN IIn,ZTF19abzpvaj
SN Ia,ZTF19achetvw
SN Ia,ZTF19acihlft
SN Ia,ZTF19acihgng
SN Ia,ZTF19acihfxz
SN II,ZTF19acignlo
SN Ia,ZTF19ackjnuq
SN Ia,ZTF19acgjojy
SN Ia,ZTF19acgjohb
SN Ia,ZTF19aceqxtg
SN Ia,ZTF19acgogcm
SN Ia,ZTF19acgxbwo
SN Ia,ZTF19acgphsf
SN Ia,ZTF19acgpqxt
SN II,ZTF20aacbyoh
SN Ia,ZTF19acjnaxa
SN Ia,ZTF19acyndbj
SN Ia,ZTF19acgqjln
SN Ia,ZTF19acgfowd
SN Ia,ZTF19achtewn
SN Ia,ZTF19acgrbeb
SN Ia,ZTF19achaspq
SN Ia,ZTF19achagst
SN Ia,ZTF19acgbzam
SN II,ZTF19acgzwbm
SN Ia,ZTF19acechlg
SN Ia,ZTF19acbvquo
SN Ia,ZTF19acchtyp
SN Ia,ZTF19acgmkrt
SLSN-I,ZTF19acfwynw
SN Ia,ZTF19acgouje
SN II,ZTF19acgbkzr
SN Ia,ZTF19acekkts
SN II,ZTF19acdkzxk
SN Ia,ZTF19acgjosf
SN Ia,ZTF19acdlami
SN Ia,ZTF19acfrntd
SN Ia,ZTF19acgjnis
SN II,ZTF19acgfvvi
SN Ia,ZTF19acgcdas
SN Ia,ZTF19acfsqjx
SN Ia,ZTF19acfecsg
SN Ia,ZTF19acgemzm
SN Ia,ZTF19acjuutj
SN IIn,ZTF19acftude
SN Ia,ZTF19acgjnfz
SN II,ZTF19aceckmm
SN Ia,ZTF19acdsqir
SN Ia,ZTF19acgeabh
SN Ia,ZTF19acgcshq
SN Ia,ZTF19acgdfjt
SN Ia,ZTF19acftfst
SN Ia,ZTF19acfmwlh
SN Ia,ZTF19acgaxej
SN Ia,ZTF19achahea
SN Ia,ZTF19acfxbki
SLSN-I,ZTF19acbonaa
SN II,ZTF19acewuwn
SN Ia,ZTF19acfthre
SN Ia,ZTF19acewotx
SN Ia,ZTF19aceuacu
SN Ia,ZTF19acdxlns
SN Ia,ZTF19acduqvr
SN Ia,ZTF19acfduxa
SN II,ZTF19acecluy
SN Ia,ZTF19acftaml
SN Ia,ZTF19acgonwy
SN Ia,ZTF19acexijn
SN II,ZTF19acfejbj
SN Ia,ZTF19acenveq
SN Ia,ZTF19acetxvq
SN Ia,ZTF19acekreh
SN II,ZTF19aceshib
SN II,ZTF19aceckdq
SN II,ZTF19acbwccr
SN Ia,ZTF19acbvujw
SN Ia,ZTF19acennqf
SN Ia,ZTF19acenjem
SN Ia,ZTF19acetwqh
SN Ia,ZTF19acctpgd
SN Ia,ZTF19acelcan
SN Ia,ZTF19acekbyz
SN Ia,ZTF19acdubmt
SN Ia,ZTF19acdtpow
SN Ia,ZTF19accobqx
SN II,ZTF19acchaza
SN Ia,ZTF19accloxh
SN Ia,ZTF19acdisjm
SN II,ZTF19acdxkek
SN II,ZTF19acduloz
SN Ia,ZTF19acdulhn
SN II,ZTF19acctlps
SN Ia,ZTF19acbkyma
SLSN-I,ZTF19abuyuwa
SN Ia,ZTF19acclzaw
SN Ia,ZTF19accstol
SN Ia,ZTF19accuyyg
SN Ia,ZTF19accmboe
SN Ia,ZTF19acbsuhn
SN Ia,ZTF19acblpaq
SN Ia,ZTF19accjnpz
SN Ia,ZTF19acdjiml
SN Ia,ZTF19acckggd
SN Ia,ZTF19acdihrz
SN Ia,ZTF19acchink
SN Ia,ZTF19acbqzvu
SN Ia,ZTF19acbtkmt
SN Ia,ZTF19acbpnii
SN Ia,ZTF19acbpwwg
SN II,ZTF19acctwpz
SN Ia,ZTF19acbvnaw
SN Ia,ZTF19acbvllm
SN Ia,ZTF19acbrola
SN Ia,ZTF19accmxtw
SN Ia,ZTF19acchjle
SN II,ZTF19accbeju
SN Ia,ZTF19acbnhkd
SN Ia,ZTF19acbtlkz
SN Ia,ZTF19accdehb
SN Ia,ZTF19accczor
SN Ia,ZTF19acbvrdu
SN Ia,ZTF19acbihyi
SN II,ZTF19acbihxh
SN II,ZTF19acaqqxo
SN II,ZTF19acbwilc
SN Ia,ZTF19acbwjue
SN Ia,ZTF19acbwhqc
SN Ia,ZTF19acbykmk
SN Ia,ZTF19abzwtiu
SN II,ZTF19abzzuyl
SN Ia,ZTF19acardcs
SN II,ZTF19acbwouf
SN Ia,ZTF19aailsvf
SN Ia,ZTF19acbpzir
SN Ia,ZTF19acbpqvc
SN Ia,ZTF19acbwaah
SN Ia,ZTF19acbvrhb
SN Ia,ZTF19acazbqm
SN II,ZTF19acbrzzr
SN Ia,ZTF19acbrtbh
SN Ia,ZTF19acasiwm
SN Ia,ZTF19abzsogy
SN II,ZTF19acbmxky
SN Ia,ZTF19acbmjrp
SN II,ZTF19acbvisk
SN Ia,ZTF19acbswdq
SN Ia,ZTF20aadylfw
SN Ia,ZTF19acbmxxh
SN Ia,ZTF19acbmwtc
SN Ia,ZTF19acbmqpu
SN Ia,ZTF19acblzux
SN Ia,ZTF19acblhgq
SN Ia,ZTF19acblqjf
SN Ia,ZTF19abzrjrg
SN Ia,ZTF19acbtcyx
SN Ia,ZTF19acbacvu
SN Ia,ZTF19acazaug
SN Ia,ZTF19acbiwjk
SN II,ZTF19acblhxc
SN Ia,ZTF19acbkczc
SN Ia,ZTF19acaxcwg
SN II,ZTF19acccyxx
SN Ia,ZTF19acblnop
SN Ia,ZTF19acapeun
SN Ia,ZTF19acbvpjn
SN Ia,ZTF19acaotrk
SN Ia,ZTF19abzulhk
SN Ia,ZTF19abzzhsa
SN Ia,ZTF19acaqyjp
SN Ia,ZTF19acsbxgw
SN Ia,ZTF19abzsjpn
SN Ia,ZTF19abzyiba
SN Ia,ZTF19acajpre
SN II,ZTF19abzqwpr
SN Ia,ZTF19abzmpku
SN Ia,ZTF19acaiylt
SN Ia,ZTF19abzzgec
SN Ia,ZTF19abzmpvb
SN Ia,ZTF19abzzhgx
SN Ia,ZTF19abyflzw
SN Ia,ZTF19abzyvfi
SN Ia,ZTF19abzplvm
SN Ia,ZTF19abzvyew
SN Ia,ZTF19achegxu
SN Ia,ZTF19abzprpk
SN Ia,ZTF19abzsitm
SN Ia,ZTF19abzhfjj
SN Ia,ZTF19abzkiuv
SN Ia,ZTF19abzmnrh
SN II,ZTF19abzrdup
SN Ia,ZTF19abzqkdz
SN Ia,ZTF19abzlsbl
SN IIn,ZTF19abzmmvz
SN Ia,ZTF19abywduc
SN Ia,ZTF19abylxyt
SN Ia,ZTF19abyhxzp
SN Ia,ZTF19abzmnuk
SN Ia,ZTF19abzlmwn
SN Ia,ZTF19abzkyjy
SN Ia,ZTF19abzkexb
SN Ia,ZTF19abzhzet
SN Ia,ZTF19abzhvxk
SN Ia,ZTF19abpmetl
SN II,ZTF19abymukc
SN Ia,ZTF19abzfmak
SN Ia,ZTF19abyigib
SN Ia,ZTF19abxfeln
SLSN-II,ZTF19abxekxi
SN Ia,ZTF19abymvpq
SN Ia,ZTF19abyzuos
SN Ia,ZTF19abyjjxp
SN II,ZTF19abyuzch
SN Ia,ZTF19abyjhpz
SN II,ZTF19abzmoov
SN II,ZTF19abwamby
SN Ia,ZTF20aamijze
SN Ia,ZTF19abxiqve
SN Ia,ZTF19abymhad
SN Ia,ZTF19abyfbik
SN Ia,ZTF19abyjgal
SN Ia,ZTF19abwsxug
SN Ia,ZTF19abxjimu
SN Ia,ZTF19abyikbv
SN Ia,ZTF19abtrgey
SN Ia,ZTF19abycslo
SN Ia,ZTF19abwsdic
SLSN-I,ZTF19abxgmzr
SN Ia,ZTF19abxfunp
SN Ia,ZTF19abxwhxm
SN Ia,ZTF19abgawrv
SN Ia,ZTF19abxfhrq
SN Ia,ZTF19abxdnzt
SN Ia,ZTF19abxdnhr
SN Ia,ZTF19abrdnty
SN Ia,ZTF19abvvpoh
SN Ia,ZTF19abymvoy
SN Ia,ZTF19abxvtmy
SN II,ZTF19abxvtmn
SN Ia,ZTF19abxvtiy
SN Ia,ZTF19abxvles
SN Ia,ZTF19abxvjzn
SN Ia,ZTF19abxvjkn
SN Ia,ZTF19abxiqqm
SN Ia,ZTF19abwscog
SN Ia,ZTF19abwouqp
SN Ia,ZTF19abwnpus
SN Ia,ZTF19abvjcii
SN Ia,ZTF19abwaohs
SN II,ZTF19abwsagv
SN II,ZTF19abxnycf
SN Ia,ZTF19abxihut
SN Ia,ZTF19abxigfc
SN Ia,ZTF19abuzpmr
SN Ia,ZTF19abwsecm
SN Ia,ZTF19abvgwvp
SN Ia,ZTF19abrvagn
SN Ia,ZTF19abvhkst
SN II,ZTF19abuzinv
SN Ia,ZTF19abvgnxg
SN Ia,ZTF19abuxhqc
SN Ia,ZTF19abvjdfc
SN Ia,ZTF19abubagk
SN Ia,ZTF19abuazly
SN Ia,ZTF19abrcvzz
SN Ia,ZTF19abulzlj
SN II,ZTF19abwztsb
SN Ia,ZTF19abyreuq
SN Ia,ZTF19abujuex
SN Ia,ZTF19abuejud
SN Ia,ZTF19aburnqh
SN Ia,ZTF19abvhduf
SN II,ZTF19abukbit
SN Ia,ZTF19abtulak
SN Ia,ZTF19abrilok
SN Ia,ZTF19abuclhk
SN IIn,ZTF19abulzhy
SN Ia,ZTF19abuayqg
SN Ia,ZTF19abujhgm
SN Ia,ZTF19abvanim
SN Ia,ZTF19abvalfd
SN II,ZTF19abvdbyx
SN Ia,ZTF19abuhlxk
SN IIn,ZTF19abpfsks
SN Ia,ZTF19abucvgu
SN Ia,ZTF19abrcpnj
SN Ia,ZTF19abqsvue
SN II,ZTF19abtuflm
SN Ia,ZTF19abrirdm
SN Ia,ZTF19abtnftd
SN Ia,ZTF19abuonnx
SN II,ZTF19abqyoxt
SN Ia,ZTF19abrmlxu
SN II,ZTF19acbvrfx
SN II,ZTF19abueupg
SN II,ZTF19abukakm
SN Ia,ZTF19abtsrup
SN Ia,ZTF19abtnbtt
SN II,ZTF19abudlps
SN II,ZTF19abudjie
SN Ia,ZTF19absfopz
SN Ia,ZTF19abtuigb
SN Ia,ZTF19abttstb
SN Ia,ZTF19abttrte
SN Ia,ZTF19abqsmns
SN Ia,ZTF19abrsuah
SN Ia,ZTF19abnagzk
SN Ia,ZTF19abozuxh
SN II,ZTF19abrbmvt
SN Ia,ZTF19abrsssx
SN Ia,ZTF19abqjypm
SN II,ZTF19abqmurd
SN Ia,ZTF19abpxcaf
SN Ia,ZTF19abotfag
SN Ia,ZTF19abqgzea
SN II,ZTF19abrlvij
SN Ia,ZTF19abqmpsr
SN Ia,ZTF19abrogbl
SN Ia,ZTF19abpypvc
SN Ia,ZTF19abpxttd
SN Ia,ZTF19abqykyd
SN Ia,ZTF19abqqcyo
SN Ia,ZTF19abqqrib
SN Ia,ZTF19abpzuzd
SN Ia,ZTF19abqqmui
SN II,ZTF19abrhjof
SN Ia,ZTF19abrhyqs
SN II,ZTF19abqrxhy
SN Ia,ZTF19abpztlw
SN II,ZTF19abqwsuf
SN Ia,ZTF19abqgrht
SN Ia,ZTF19abqsvgf
SN II,ZTF19abqrhvy
SN Ia,ZTF19abqkpoi
SN Ia,ZTF19abqimia
SN Ia,ZTF19abquwvx
SN Ia,ZTF19abpzpqd
SN Ia,ZTF19abqqvhd
SN Ia,ZTF19abqxhhr
SN Ia,ZTF19abqviuy
SN Ia,ZTF19abqgytb
SN II,ZTF19abpyqog
SN II,ZTF19abqgtqo
SN Ia,ZTF19abucvhz
SN II,ZTF19abqrhvt
SN Ia,ZTF19abqmucc
SN Ia,ZTF19abqmpti
SN II,ZTF19abpxiff
SN Ia,ZTF19abqmjdq
SN Ia,ZTF19abpyjqx
SN Ia,ZTF19aboxjlj
SN Ia,ZTF19aboudfp
SN Ia,ZTF19abqlrtb
SN Ia,ZTF19abqhikf
SN Ia,ZTF19abpbvsk
SN II,ZTF19abqhobb
SN Ia,ZTF19abpuikr
SN II,ZTF19abqbzal
SN Ia,ZTF19abqanpy
SN Ia,ZTF19ablrkfz
SN Ia,ZTF19abpveqn
SN Ia,ZTF19abpfxfs
SN Ia,ZTF19aboqpry
SN Ia,ZTF19abnmnrz
SLSN-II,ZTF19abpvbzf
SN II,ZTF19abpnrrf
SN Ia,ZTF19abpelgt
SN Ia,ZTF19abpgggu
SN Ia,ZTF19abpbmli
SN II,ZTF19abovstj
SN Ia,ZTF19abqyoxh
SN Ia,ZTF19ablusdf
SN Ia,ZTF19ablfcjr
SN IIn,ZTF19abpidqn
SN Ia,ZTF19ablpxtf
SN Ia,ZTF19abplfxs
SN Ia,ZTF19abornyn
SLSN-I,ZTF19abnacvf
SN Ia,ZTF19abpbbxx
SN Ia,ZTF19abopyyu
SN Ia,ZTF19abopflp
SN Ia,ZTF19abpbqor
SLSN-I,ZTF19abpbopt
SN Ia,ZTF19abocled
SN Ia,ZTF19abowcic
SN II,ZTF19abormur
SN Ia,ZTF19abnoxud
SN Ia,ZTF19abovtfk
SN Ia,ZTF19abnkrcd
SN Ia,ZTF19abnimpq
SN Ia,ZTF19abomiel
SN Ia,ZTF19abqybcz
SN Ia,ZTF19abnishu
SN Ia,ZTF19abormno
SN Ia,ZTF19abmzord
SN Ia,ZTF19abkeuto
SN Ia,ZTF19abnmrqt
SN Ia,ZTF19abmzmom
SN Ia,ZTF19abpnsck
SN Ia,ZTF19abmqasg
SN Ia,ZTF19abmylxw
SN Ia,ZTF19abmpoxa
SN Ia,ZTF19ablnnqe
SN Ia,ZTF19abjpeli
SN Ia,ZTF19ablpnmk
SN Ia,ZTF19ablekwo
SN Ia,ZTF19abqgxpt
SN II,ZTF19ablfdwt
SN Ia,ZTF19abmolyr
SN II,ZTF19abnobkg
SN Ia,ZTF19abnktws
SN Ia,ZTF19abjrkqn
SN II,ZTF19abmtpvz
SN Ia,ZTF19abkdeae
SN Ia,ZTF19abkcpxe
SN II,ZTF19abjsmmv
SN Ia,ZTF19ablfaey
SN IIn,ZTF19ablojrw
SN Ia,ZTF19abimzvh
SN Ia,ZTF19abjozed
SN II,ZTF19abjrjdw
SN Ia,ZTF19ablqnuw
SN Ia,ZTF19abmprjj
SN Ia,ZTF19abjblwu
SN Ia,ZTF19abjslyw
SN II,ZTF19abjioie
SN Ia,ZTF19ablpfhz
SN Ia,ZTF19ablovot
SN Ia,ZTF19abkdrir
SN II,ZTF19abjpntj
SN Ia,ZTF19abiztut
SN Ia,ZTF19abisbgx
SN Ia,ZTF19abinjcy
SN Ia,ZTF19abpavsn
SN Ia,ZTF19abpnrqa
SN IIn,ZTF19ablzora
SN Ia,ZTF19abixauz
SN Ia,ZTF19abhzdjp
SN Ia,ZTF19abgmxwn
SN Ia,ZTF19abkgbul
SN II,ZTF19abkfxfb
SN II,ZTF19abkfmjp
SN Ia,ZTF19abkdehm
SN Ia,ZTF19abjpkdz
SN Ia,ZTF19abjibet
SN Ia,ZTF19abjgdko
SN Ia,ZTF19abjamgc
SN Ia,ZTF19abirbpd
SN Ia,ZTF19abipmfl
SN Ia,ZTF19abidfsb
SN Ia,ZTF19abiahik
SN Ia,ZTF19abhjhes
SN II,ZTF19abjbtbm
SN Ia,ZTF19abhzewi
SN Ia,ZTF19abjpelp
SN Ia,ZTF19abitljz
SN Ia,ZTF19abitbcj
SN Ia,ZTF19abjgbmo
SN Ia,ZTF19abimkwn
SN Ia,ZTF19abimlck
SN Ia,ZTF19abgqwed
SN Ia,ZTF19abhphah
SN II,ZTF19abgurml
SN II,ZTF19abiszzn
SN Ia,ZTF19abhemuy
SN II,ZTF19abiqfxi
SN II,ZTF19abiietd
SN Ia,ZTF19abhhocz
SN Ia,ZTF19abheamc
SLSN-I,ZTF19abfvnns
SN Ia,ZTF19abhztqq
SN II,ZTF19abgrchq
SN II,ZTF19abguqsi
SN Ia,ZTF19abidfxd
SN Ia,ZTF19abhdqlq
SN Ia,ZTF19abgsyrp
SN Ia,ZTF19abhzelh
SN Ia,ZTF19abgrxlp
SN II,ZTF19abhduuo
SN Ia,ZTF19abfvpkq
SN Ia,ZTF19abhxllw
SN Ia,ZTF19abguzsx
SN Ia,ZTF20acomqju
SN II,ZTF19abgbbzy
SN Ia,ZTF19abhbjge
SN Ia,ZTF19abgppki
SN Ia,ZTF19abfvovo
SN Ia,ZTF19abgbkwv
SN Ia,ZTF19abggmim
SN Ia,ZTF19abgfrbl
SN II,ZTF19abegzry
SN Ia,ZTF19abhiayh
SN Ia,ZTF19abgrcxs
SN II,ZTF19abgrmfu
SN Ia,ZTF19acazqnk
SN Ia,ZTF19abgqvyr
SN Ia,ZTF19abgprpq
SN Ia,ZTF18aarwxum
SN Ia,ZTF19abglmpf
SN Ia,ZTF19abgjlef
SN II,ZTF19abgiwkt
SN Ia,ZTF19abgnuri
SN Ia,ZTF19abgcbey
SN IIn,ZTF19abgndlf
SN II,ZTF19abgncfz
SN II,ZTF19abkgjmj
SN Ia,ZTF19abfwhja
SN Ia,ZTF19abexfad
SN Ia,ZTF19abfdszw
SN Ia,ZTF19abfhszx
SN Ia,ZTF19abeytzv
SN Ia,ZTF19abfdsbu
SN Ia,ZTF19abfaqqo
SN II,ZTF19abgmkef
SN II,ZTF19abfloxk
SN Ia,ZTF19abfwfei
SN Ia,ZTF19abfwdyt
SN Ia,ZTF19abdehcz
SN Ia,ZTF19abfvhlx
SN II,ZTF19abgbdcp
SN Ia,ZTF19abfjjlk
SN II,ZTF19abfwdqv
SN Ia,ZTF19abggnnp
SN Ia,ZTF19abdzehg
SN Ia,ZTF21abetapk
SN Ia,ZTF19abfqhis
SN Ia,ZTF19abdkcib
SN Ia,ZTF18abdcudb
SN Ia,ZTF19abeloei
SN Ia,ZTF19abdyawn
SN Ia,ZTF19abfibel
SLSN-II,ZTF19aaynqaj
SLSN-II,ZTF19aaserwb
SLSN-I,ZTF19aaruixj
SLSN-I,ZTF19aaqrime
SLSN-I,ZTF19aamhhiz
SLSN-II,ZTF19aalvdeu
SLSN-I,ZTF19aalbrph
SN Ia,ZTF18abwtops
SN Ia,ZTF18abukmty
SN Ia,ZTF18abqbavl
SN Ia,ZTF18aboaeqy
SN Ia,ZTF18aasesgl
SN Ia,ZTF19abetjcx
SN Ia,ZTF19abcunya
SN Ia,ZTF19abcvrpm
SN II,ZTF19abaovea
SN Ia,ZTF19abfpupe
SN Ia,ZTF19abdoznh
SN Ia,ZTF19abdrwsz
SN IIn,ZTF19abdviwl
SN II,ZTF19abejaiy
SN Ia,ZTF19abdsqmf
SN Ia,ZTF19abdkgns
SN Ia,ZTF19abcfzdy
SN Ia,ZTF19abdznxo
SN II,ZTF19abkfqqp
SN Ia,ZTF19abcttsc
SN II,ZTF19abddsvk
SN Ia,ZTF19abdkecj
SN Ia,ZTF19abdduix
SN Ia,ZTF19abcnpkt
SN Ia,ZTF19abctnpk
SN Ia,ZTF19abdqaao
SN Ia,ZTF19abdjsss
SN Ia,ZTF19abcejoa
SLSN-II,ZTF18abgrlpv
SN Ia,ZTF19abdvpfj
SN II,ZTF19abegizf
SN IIn,ZTF19abegxfs
SN Ia,ZTF19abaukyt
SLSN-I,ZTF19abaeyqw
SN Ia,ZTF19abdsntm
SN Ia,ZTF19abddqhy
SN Ia,ZTF19abcncdg
SN Ia,ZTF19abdsnmj
SN II,ZTF19abctxhf
SN Ia,ZTF19abdyyut
SN Ia,ZTF19abcyqpk
SN II,ZTF19abbxykm
SN II,ZTF19abcekty
SN II,ZTF19abcejsg
SN IIn,ZTF19abcejfo
SN Ia,ZTF19abaesgr
SN II,ZTF19abcneik
SN Ia,ZTF19abcndvf
SN II,ZTF19abjgdhb
SN Ia,ZTF19abcubrb
SN Ia,ZTF19abdkbwy
SN Ia,ZTF19abbvzgr
SN Ia,ZTF19abauzma
SN Ia,ZTF19abegruk
SN Ia,ZTF19abdcbwl
SN II,ZTF19abbwfgp
SN II,ZTF19abgbkta
SN Ia,ZTF19abbytxa
SN Ia,ZTF19abanfrn
SN II,ZTF19aazlpel
SN II,ZTF19abatvzs
SN Ia,ZTF19abatvit
SN Ia,ZTF18abwnsoc
SN Ia,ZTF18abvbayb
SN Ia,ZTF18abtcdfv
SN Ia,ZTF18abssdpi
SN Ia,ZTF18abslxhz
SN Ia,ZTF18abnvoel
SN Ia,ZTF18abealop
SN Ia,ZTF18abclalx
SN Ia,ZTF18abatffv
SN Ia,ZTF18aaxrvzj
SN Ia,ZTF18aarldnh
SN Ia,ZTF19abaosan
SN Ia,ZTF19abangub
SN II,ZTF19abanayw
SN IIn,ZTF19abirfmc
SN Ia,ZTF19aazdirb
SN II,ZTF19abbnamr
SN Ia,ZTF19abdgpuv
SN Ia,ZTF19abfvemi
SN Ia,ZTF19abakjao
SN Ia,ZTF19abakjci
SN Ia,ZTF19abakdjd
SN Ia,ZTF19abaejrh
SN II,ZTF19abidbqp
SN Ia,ZTF19aaywatq
SN Ia,ZTF19abafrvy
SN Ia,ZTF19abahsdc
SN Ia,ZTF19abajuqh
SN Ia,ZTF19abasxkg
SN Ia,ZTF19aazdcmj
SN Ia,ZTF19abangws
SN IIn,ZTF19abandzh
SN Ia,ZTF19abattvp
SN Ia,ZTF19ababigc
SN Ia,ZTF19abalrbb
SN Ia,ZTF19aayveer
SN Ia,ZTF19abdkfqe
SN Ia,ZTF19aaywazj
SN II,ZTF19acomwca
SN Ia,ZTF19abaejto
SN Ia,ZTF19abahsgg
SN Ia,ZTF19ababmsi
SN Ia,ZTF19abahvdh
SN Ia,ZTF19abcejlc
SN Ia,ZTF19abegxob
SN Ia,ZTF19aavvvrc
SN Ia,ZTF19abaeyln
SN II,ZTF19abacxod
SN II,ZTF19aaxkhxw
SN Ia,ZTF19aazzpje
SN Ia,ZTF19aaypehm
SN Ia,ZTF19abadskf
SN Ia,ZTF19aazxcvl
SN Ia,ZTF19aazpvyr
SN Ia,ZTF19aayckwk
SN Ia,ZTF19aayqait
SN Ia,ZTF19aayvylv
SN II,ZTF19aavjztg
SN II,ZTF19aayrosj
SN Ia,ZTF19aaywtoc
SN II,ZTF19aazudta
SN Ia,ZTF19aazlsfj
SN Ia,ZTF19aaziick
SN Ia,ZTF19aaywlmi
SN II,ZTF19aazfvhh
SN Ia,ZTF19aayxlma
SN II,ZTF19aazpvdy
SN Ia,ZTF19aayslow
SN Ia,ZTF20acwpads
SLSN-I,ZTF19aawsqsc
SN Ia,ZTF19aayjqpa
SN II,ZTF19aazyvub
SN Ia,ZTF19aaykugs
SN Ia,ZTF19aayshvd
SN Ia,ZTF19aayrjnf
SN Ia,ZTF19aazgpar
SN Ia,ZTF19aazgdvh
SN Ia,ZTF19aayogzn
SN Ia,ZTF19abajrpw
SN Ia,ZTF19abdkdoz
SN II,ZTF19aaysfbn
SN Ia,ZTF19aaxeetj
SN Ia,ZTF19aaynsws
SLSN-II,ZTF19aariuyd
SN Ia,ZTF19aawblge
SN II,ZTF19aaydpiq
SN IIn,ZTF19aavjukt
SN Ia,ZTF19aaxfzao
SN Ia,ZTF19abdkcts
SN II,ZTF19abcejlb
SN Ia,ZTF19aaxyukr
SLSN-I,ZTF19aawfbtg
SN Ia,ZTF19aayfaum
SN Ia,ZTF19aayabqe
SN Ia,ZTF19aayjsty
SN Ia,ZTF19aaxptsd
SN II,ZTF19aaykqsk
SN Ia,ZTF19aazgdss
SN Ia,ZTF19aaxnlps
SN II,ZTF19aaydtur
SN Ia,ZTF19aaxibby
SN Ia,ZTF19aaycomi
SN Ia,ZTF19aawyepw
SN Ia,ZTF18aanygjk
SN Ia,ZTF19aaynskj
SN Ia,ZTF19abqgwuy
SN Ia,ZTF19aawtqdv
SN Ia,ZTF19aaxpjpq
SN Ia,ZTF19aawrumx
SN Ia,ZTF19aavvozj
SN II,ZTF19aavqics
SN Ia,ZTF19aawqckx
SN Ia,ZTF19aawnqoj
SN Ia,ZTF19aaxibpz
SN Ia,ZTF19aaxhysx
SN Ia,ZTF19aawmqtd
SN Ia,ZTF19aawmkja
SN Ia,ZTF19aawafvn
SN IIn,ZTF19aaxeaag
SN Ia,ZTF19aawhniz
SN Ia,ZTF19aavivbl
SN Ia,ZTF19aawudku
SN Ia,ZTF19aavwbpc
SN Ia,ZTF19aavyafo
SN Ia,ZTF19aawtnqd
SN Ia,ZTF19aavnzti
SN Ia,ZTF19aawscnp
SN Ia,ZTF19aawgfnn
SN Ia,ZTF19aawfely
SN Ia,ZTF19aavaikm
SN II,ZTF19aayjhpg
SN II,ZTF19abcejrr
SLSN-I,ZTF19aasdvfr
SN II,ZTF19aawgxdn
SN Ia,ZTF19aavorpa
SN Ia,ZTF19aawbsek
SN IIn,ZTF19abiszoe
SN Ia,ZTF19aavoiyc
SN Ia,ZTF19aavsahh
SN Ia,ZTF19aawgolt
SN Ia,ZTF19aavnxwj
SN Ia,ZTF19aavsyhq
SN Ia,ZTF19aazdiwq
SN Ia,ZTF19aavitlq
SN II,ZTF19aawfkeg
SLSN-I,ZTF19aavouyw
SN Ia,ZTF19aaynsyd
SN Ia,ZTF18aarlukc
SN Ia,ZTF19aavxpbx
SN Ia,ZTF19aavxikq
SN Ia,ZTF19aavounq
SN Ia,ZTF19aavqoyu
SN Ia,ZTF19aavqotz
SN Ia,ZTF19aavqoop
SN Ia,ZTF19aavnwtf
SN Ia,ZTF19aavrswr
SN Ia,ZTF19aavlnjz
SN Ia,ZTF19aavhwxs
SN II,ZTF19aavnuur
SN Ia,ZTF19aaqdrbw
SN Ia,ZTF19aavnwyt
SN Ia,ZTF19aavnwxf
SN Ia,ZTF19aaurstb
SN Ia,ZTF19aawfcgp
SN Ia,ZTF19aawgopm
SN Ia,ZTF19aavmlqh
SN II,ZTF19aavjlkx
SN Ia,ZTF19aavlfvn
SN Ia,ZTF19aavhzsc
SN Ia,ZTF19aavqiuw
SN Ia,ZTF19aavhxby
SN II,ZTF19aavrcew
SN Ia,ZTF19adcgfis
SN Ia,ZTF19aauvjws
SN Ia,ZTF19aavweum
SN Ia,ZTF19aavissk
SN Ia,ZTF19aauxmqj
SN II,ZTF19aavhblr
SN Ia,ZTF19aavxufb
SN Ia,ZTF19aaydpru
SN Ia,ZTF19aavkhuy
SN Ia,ZTF19aavnwzv
SN IIn,ZTF19aavyvbn
SN Ia,ZTF19aavhvkd
SN Ia,ZTF19aaupkev
SN Ia,ZTF19aatvlxl
SN II,ZTF19aavbjfp
SN Ia,ZTF19aatvvvu
SN Ia,ZTF19aaurhox
SN Ia,ZTF19aauoulb
SN Ia,ZTF19aazlprb
SLSN-I,ZTF19aauiref
SN Ia,ZTF19aauxepf
SN II,ZTF19aatmgjs
SN II,ZTF19aasmddt
SN II,ZTF19aauxxgk
SN Ia,ZTF19aauvkxu
SN II,ZTF19aauvbqv
SN Ia,ZTF19aauuzlr
SN Ia,ZTF19aaumvig
SN Ia,ZTF19aaujzqh
SN Ia,ZTF19aaupkrl
SN Ia,ZTF19aauplxw
SN Ia,ZTF19aavbkqk
SN Ia,ZTF19aauhhjy
SN Ia,ZTF19aauvczw
SN Ia,ZTF19aauitks
SN Ia,ZTF18aaqkcso
SN II,ZTF19aauisdr
SN Ia,ZTF19aauhwbp
SN Ia,ZTF19aaurxsa
SN II,ZTF19aauspho
SN Ia,ZTF19aatnfci
SN II,ZTF19aavbkso
SN Ia,ZTF19aauivtj
SN Ia,ZTF19aaulzvc
SN II,ZTF19aavbjin
SN Ia,ZTF19aatnfvj
SN Ia,ZTF19aaujiwc
SN II,ZTF19aauishy
SN II,ZTF19aaugaam
SN Ia,ZTF19aauguzk
SN Ia,ZTF19aaugoig
SN Ia,ZTF19aawlnlq
SN II,ZTF19aauoiow
SN Ia,ZTF19aatrbqs
SN Ia,ZTF19aatvljp
SN Ia,ZTF19aaqyvdn
SN Ia,ZTF19aasmkhn
SN Ia,ZTF19aatzlmw
SLSN-I,ZTF19aarphwc
SN Ia,ZTF19aathcvn
SN II,ZTF19aatqzim
SN II,ZTF18aaqkdwu
SN Ia,ZTF19aatgrpm
SN Ia,ZTF19aatgopg
SN Ia,ZTF19aatgrxl
SN Ia,ZTF19aatgrxv
SN II,ZTF19aatwvft
SN Ia,ZTF19aasszud
SN Ia,ZTF19aatvlfl
SN Ia,ZTF19aatvkrn
SN Ia,ZTF19aatudsq
SN IIn,ZTF19aarxrem
SN Ia,ZTF19aasfsoi
SN Ia,ZTF19aatgaiq
SN Ia,ZTF18aaunfqq
SN II,ZTF19aatgxjy
SN Ia,ZTF19aatnefp
SN Ia,ZTF19aatgznl
SN II,ZTF19aatlqdf
SN IIn,ZTF19aasekcx
SN Ia,ZTF18aaxokeg
SN II,ZTF19aathllr
SN Ia,ZTF19aatgwhs
SN Ia,ZTF19aatgsdl
SN Ia,ZTF19aatlmbo
SN Ia,ZTF19aassqix
SN Ia,ZTF19aarqmjs
SN Ia,ZTF19aatvlym
SN Ia,ZTF19aartylj
SN II,ZTF19aariwfe
SN Ia,ZTF19aarixue
SN Ia,ZTF19aaripqw
SN IIn,ZTF19aarzaod
SN Ia,ZTF19aartuli
SN Ia,ZTF19aartuev
SN II,ZTF19aarykkb
SN Ia,ZTF19aarstfg
SN Ia,ZTF19aarilal
SN Ia,ZTF19aapvogv
SN II,ZTF19aarfnmb
SN II,ZTF19aaspsbg
SN Ia,ZTF19aarnrbw
SN Ia,ZTF19aarnqzw
SN Ia,ZTF19aarkpif
SN Ia,ZTF19aarmznp
SN II,ZTF19aapafqd
SN IIn,ZTF19aapzbjr
SN II,ZTF19aarjfqe
SN Ia,ZTF19aaqtcmy
SN Ia,ZTF19aarfksi
SN Ia,ZTF19aariwpf
SN Ia,ZTF19aarinmw
SN Ia,ZTF19aaraxhh
SN Ia,ZTF19aarlefl
SN II,ZTF19aawsdlq
SN II,ZTF19aawlkjx
SN Ia,ZTF19aaraued
SN Ia,ZTF19aarfnto
SN Ia,ZTF19aaqxcfs
SN Ia,ZTF19aaqhelq
SN Ia,ZTF19aapxocr
SN Ia,ZTF19aaqgnhf
SN Ia,ZTF19aardunx
SN Ia,ZTF19aaqcqkv
SN Ia,ZTF19aapwbvm
SN II,ZTF19aaqxosb
SN II,ZTF19aaqdkrm
SN IIn,ZTF19aaqasrq
SN II,ZTF19aapreza
SN Ia,ZTF19aapqrsh
SN II,ZTF19aaprvar
SLSN-I,ZTF19aaohuwc
SN Ia,ZTF19aapvhhp
SN Ia,ZTF19aaptwpu
SN Ia,ZTF19aapszzy
SN Ia,ZTF19aapocyd
SN Ia,ZTF19aapnzde
SN II,ZTF19aatevrp
SN II,ZTF19aaozugz
SN II,ZTF19aapfnym
SN II,ZTF19aapmdwm
SN Ia,ZTF19aapbgmp
SN Ia,ZTF19aapuohr
SN Ia,ZTF19aapfktd
SN Ia,ZTF19aapdkza
SN Ia,ZTF19aapcoqg
SN II,ZTF19aapcnzi
SN Ia,ZTF19aapcxiy
SN Ia,ZTF19aaptzar
SN II,ZTF19aapbfot
SN Ia,ZTF19aapbgty
SN Ia,ZTF19aaozplq
SN Ia,ZTF19aanyubf
SN IIn,ZTF19aaozsuh
SN Ia,ZTF19aanxrkt
SN Ia,ZTF19aanxosu
SN Ia,ZTF19aapcvxi
SN Ia,ZTF19aaokist
SN Ia,ZTF19aaobwpx
SN Ia,ZTF19aanxufb
SN Ia,ZTF19aanuipr
SN Ia,ZTF19aapcvdi
SN Ia,ZTF19aaojnrx
SN Ia,ZTF19aaoikti
SN Ia,ZTF19aanxnkd
SN Ia,ZTF19aaoyech
SN Ia,ZTF19aaqwqhu
SN Ia,ZTF19aaplpaa
SN Ia,ZTF19aapeime
SN Ia,ZTF19aapcwdq
SN Ia,ZTF19aaozpew
SN Ia,ZTF19aaoyjoz
SN Ia,ZTF19aaohyqj
SN Ia,ZTF19aaqtyku
SLSN-I,ZTF19aapaeye
SN Ia,ZTF19aaphmto
SN II,ZTF19aapfohi
SN II,ZTF19aapafit
SN Ia,ZTF19aanvmcm
SN Ia,ZTF19aanfzox
SN IIn,ZTF19aanfqug
SN Ia,ZTF19aamtwwv
SN Ia,ZTF19aanuuen
SN Ia,ZTF19aaomkvl
SN II,ZTF19aandjiw
SN Ia,ZTF19aaneugz
SN Ia,ZTF19aanetjx
SN Ia,ZTF19aantarc
SN Ia,ZTF19aaoaaap
SN IIn,ZTF19aanqzhm
SN Ia,ZTF19aanuipj
SN Ia,ZTF19aanuhox
SLSN-II,ZTF19aamrais
SN II,ZTF19aanovps
SN Ia,ZTF19aanonjt
SN Ia,ZTF19aanydko
SN Ia,ZTF19aanwwlo
SN Ia,ZTF19aanxgrz
SN Ia,ZTF19aanmdsr
SN Ia,ZTF19aanircs
SN Ia,ZTF19aansyyn
SN II,ZTF19aanpcep
SN Ia,ZTF19aanirdx
SN Ia,ZTF19aanmclt
SN Ia,ZTF19aanramr
SN Ia,ZTF19aanesxt
SN II,ZTF19aanrrqu
SN II,ZTF19aamvape
SN Ia,ZTF19aanmeyw
SN Ia,ZTF19aamvmer
SN Ia,ZTF19aanjlwx
SN Ia,ZTF19aanjjhk
SN Ia,ZTF19aanjjgr
SN Ia,ZTF19aanhlzn
SN Ia,ZTF19aanejfr
SN Ia,ZTF19aamooex
SN Ia,ZTF19aamsnhu
SN II,ZTF19aamtwiz
SN II,ZTF19aaniore
SN Ia,ZTF19aanhlzi
SN Ia,ZTF19aanhlxe
SN II,ZTF19aanhhal
SN Ia,ZTF19aangier
SN Ia,ZTF19aanfyey
SLSN-I,ZTF19aanesgt
SN Ia,ZTF19aaqhiku
SN II,ZTF19aanlekq
SN II,ZTF19aamggmk
SN II,ZTF19aampllw
SN Ia,ZTF19aalyecr
SN Ia,ZTF19aanbfaw
SN IIn,ZTF19aaksxgp
SN IIn,ZTF19aailptb
SN Ia,ZTF19aamuvak
SN Ia,ZTF19aamqlyl
SN Ia,ZTF19aamqlxu
SN Ia,ZTF19aamkywr
SN Ia,ZTF19aamhqow
SN Ia,ZTF19aalbzoh
SN Ia,ZTF19aamhlnl
SN Ia,ZTF19aalwegb
SN IIn,ZTF21abgiroz
SN Ia,ZTF19aamoidt
SN Ia,ZTF19aamhhgu
SN Ia,ZTF19aamtima
SN Ia,ZTF19aamhhyo
SN Ia,ZTF19aamqebl
SN Ia,ZTF19aampqcq
SN Ia,ZTF18achxcsh
SN Ia,ZTF19aamhqej
SN II,ZTF19aamhgwm
SN Ia,ZTF19aamgokq
SN Ia,ZTF19aamoqxy
SN Ia,ZTF19aakrawk
SN II,ZTF19aamkfvy
SN Ia,ZTF19aamwyzl
SN Ia,ZTF19aalckuo
SN Ia,ZTF19aamhhey
SN Ia,ZTF19aamhhae
SN Ia,ZTF19aamgttu
SN Ia,ZTF19aalxlpp
SN Ia,ZTF19aaluprf
SN Ia,ZTF19aamrdmm
SN II,ZTF19aamgwse
SN Ia,ZTF19aalzrrz
SN Ia,ZTF19aamaeve
SN II,ZTF19aajwkbb
SN Ia,ZTF19aamkfxb
SN Ia,ZTF19aamhjlk
SN II,ZTF19aalztms
SN Ia,ZTF19aamjvie
SN Ia,ZTF19aampyum
SN Ia,ZTF19aamkdtq
SN Ia,ZTF19aamgnnr
SN Ia,ZTF19aamgjtz
SN Ia,ZTF19aalyleg
SN Ia,ZTF19aalfxyi
SN Ia,ZTF19aamggua
SN II,ZTF19aamhmsx
SN Ia,ZTF19aalveag
SN Ia,ZTF19aalzmio
SN Ia,ZTF19aaleptm
SN Ia,ZTF19aalzmiu
SN Ia,ZTF19aalxcyo
SN Ia,ZTF19aambixl
SN II,ZTF19aaloqmd
SN Ia,ZTF19aakwifv
SN Ia,ZTF19aakthjl
SN Ia,ZTF19aakrnqh
SN Ia,ZTF18aaiiigm
SLSN-II,ZTF18acnnevs
SN II,ZTF19aalsnbp
SN Ia,ZTF19aadnmgf
SN Ia,ZTF19aakisqk
SN Ia,ZTF19aaknemm
SN Ia,ZTF20aamdzif
SN Ia,ZTF19aalcwjt
SN Ia,ZTF19aalaxsa
SN II,ZTF19aamggnw
SN Ia,ZTF19aakzwao
SN Ia,ZTF19aalahqe
SN Ia,ZTF19aalsqqy
SN Ia,ZTF19aakykjl
SN Ia,ZTF20aazjify
SN Ia,ZTF19aalafip
SN II,ZTF19aakzash
SN II,ZTF19aallimd
SN Ia,ZTF19aakrhzj
SN Ia,ZTF19aaknvlv
SN Ia,ZTF19aaljeup
SLSN-II,ZTF19aakphow
SN Ia,ZTF19aalcyfd
SN II,ZTF19aakssnv
SN Ia,ZTF19aajwdqt
SLSN-I,ZTF19aaknqmp
SN Ia,ZTF19aakxwqu
SN Ia,ZTF19aaljcsu
SN Ia,ZTF19aakjbej
SN Ia,ZTF19aakjfaz
SN Ia,ZTF19aajwhbc
SN Ia,ZTF19aahsclk
SN II,ZTF19aalubxw
SN Ia,ZTF19aalemmz
SN Ia,ZTF18abixrei
SN II,ZTF19aakpccq
SN Ia,ZTF19aakozyp
SN Ia,ZTF19aaldqvh
SN Ia,ZTF19aakocxy
SN Ia,ZTF19aajxwnz
SN Ia,ZTF19aaksrlb
SN Ia,ZTF19aakyxsq
SN Ia,ZTF19aakoese
SN Ia,ZTF19aaknign
SN Ia,ZTF19aaknvuh
SN II,ZTF19aakpmqg
SN II,ZTF19aakrsuo
SN Ia,ZTF19aakpmry
SN Ia,ZTF19aaktdid
SN Ia,ZTF19aaksrgj
SN Ia,ZTF19aaksqsz
SN Ia,ZTF19aakkuqb
SN Ia,ZTF19aakpfax
SN Ia,ZTF19aakpcfy
SN Ia,ZTF19aakpcfi
SN Ia,ZTF19aakoasy
SN Ia,ZTF19aakluwr
SN Ia,ZTF19aaklquv
SN Ia,ZTF19aaklbok
SN II,ZTF19aakkwpi
SN Ia,ZTF19aaekvhn
SN Ia,ZTF19aakkxqv
SN Ia,ZTF19aambznb
SN Ia,ZTF19aakljys
SN II,ZTF19aakkrqu
SLSN-II,ZTF19aaadwfi
SN Ia,ZTF19aakjesi
SN Ia,ZTF19aainjpz
SN Ia,ZTF19aajwjwq
SN Ia,ZTF19aahygro
SN Ia,ZTF19aakpmoy
SN II,ZTF19aakiyed
SN Ia,ZTF19aakiznm
SN Ia,ZTF19aailuvj
SN Ia,ZTF19aakiyly
SN Ia,ZTF19aakiwxx
SLSN-II,ZTF19aailsyx
SN Ia,ZTF19aailqli
SN Ia,ZTF19aailltc
SN Ia,ZTF19aailexm
SN Ia,ZTF19aaileug
SN Ia,ZTF19aahulyd
SN Ia,ZTF19aahsnmq
SN Ia,ZTF19aajxhwa
SN II,ZTF19aamowaf
SN II,ZTF19aahugrz
SN II,ZTF19aailvhf
SN Ia,ZTF19aailqir
SN Ia,ZTF19aaillan
SN Ia,ZTF19aahuian
SN Ia,ZTF19aahjhoy
SN Ia,ZTF19aailmfm
SN II,ZTF19aakjcxs
SN Ia,ZTF19aailvgo
SN Ia,ZTF19aainjqn
SN Ia,ZTF19aafmwhv
SN Ia,ZTF19aaezwmr
SN Ia,ZTF19aakisjl
SN Ia,ZTF19aafmhcl
SN Ia,ZTF19aailteb
SN II,ZTF19aailepg
SN II,ZTF19aaflgwo
SN Ia,ZTF19aailsfh
SN Ia,ZTF19aakizps
SN Ia,ZTF19aahsgka
SN Ia,ZTF19aaeshtp
SN Ia,ZTF19aajwdux
SN Ia,ZTF19aagmpeq
SLSN-II,ZTF19aaeopgw
SN Ia,ZTF19aaflnii
SN Ia,ZTF19aacyqhc
SN Ia,ZTF19aaefxwq
SN Ia,ZTF19aagmsrr
SN Ia,ZTF19aafmvdb
SN Ia,ZTF19aadsyop
SN Ia,ZTF19aajwhse
SN Ia,ZTF19aafnfyc
SN Ia,ZTF19aafnecv
SN Ia,ZTF19aafncsv
SN Ia,ZTF19aafmwfc
SLSN-II,ZTF19aafljiq
SN Ia,ZTF19aaejslw
SN Ia,ZTF19aaephty
SN Ia,ZTF19aadyijk
SN Ia,ZTF19aaeflme
SN Ia,ZTF19aadyioa
SN Ia,ZTF19aaeopqn
SN Ia,ZTF18aaermez
SN Ia,ZTF19aaeoqkk
SN Ia,ZTF21aazqvtf
SN Ia,ZTF19aaeicsm
SN II,ZTF18adbacau
SN II,ZTF19aadtqcd
SN II,ZTF19aadypig
SN Ia,ZTF19aadtgxw
SN Ia,ZTF19aadooun
SN II,ZTF19aacnxvc
SN Ia,ZTF19aadolpe
SN Ia,ZTF19aadofqk
SN Ia,ZTF21aajgxzo
SN Ia,ZTF19aadnxcw
SN Ia,ZTF19aadnxgj
SN Ia,ZTF19aadnxat
SN II,ZTF19aaypmjm
SN IIn,ZTF18aadmssd
SN Ia,ZTF19aadmjtn
SN Ia,ZTF19aabyuze
SN Ia,ZTF19aacqeai
SN Ia,ZTF19aadaszg
SN IIn,ZTF19aadgimr
SN Ia,ZTF19aaddzpk
SN Ia,ZTF19aacilht
SN Ia,ZTF19aaafgbt
SN Ia,ZTF19aacxrzt
SN Ia,ZTF19aacwljg
SN Ia,ZTF19aacijie
SN Ia,ZTF19aacivvy
SN Ia,ZTF19aabmybj
SN Ia,ZTF19aacsofi
SN Ia,ZTF19aacgslb
SN Ia,ZTF18adatosi
SN Ia,ZTF19aabyppp
SN Ia,ZTF19aabyheu
SN Ia,ZTF19aabvfwn
SN Ia,ZTF19aaaajtq
SN Ia,ZTF19aaactno
SN Ia,ZTF18adcbyiw
SN IIn,ZTF19aaaajhn
SN II,ZTF18acwwmry
SN Ia,ZTF18adcakbo
SN Ia,ZTF18adbyxua
SN II,ZTF18adbmiwf
SN Ia,ZTF19aaairqh
SLSN-I,ZTF19aacxrab
SLSN-I,ZTF18acqyvag
SLSN-I,ZTF18acxgqxq
SN Ia,ZTF18adasopt
SN II,ZTF18adachwf
SN Ia,ZTF18adbntwo
SN II,ZTF18adbmbpa
SN Ia,ZTF18adbckox
SN IIn,ZTF18adbmrug
SN Ia,ZTF18adazeua
SN Ia,ZTF18adathpb
SN Ia,ZTF18adbhrjs
SN II,ZTF18adazblo
SN Ia,ZTF18adazgdh
SN Ia,ZTF18adaruzw
SN Ia,ZTF18aczpgmi
SN Ia,ZTF18aczotxi
SN II,ZTF18abvmlow
SN Ia,ZTF18adbadqp
SN II,ZTF18adalhga
SN II,ZTF18acxwsvb
SN Ia,ZTF18adaylyq
SN II,ZTF19aaabzpt
SN Ia,ZTF18adbhvze
SN IIn,ZTF18aczuooo
SLSN-I,ZTF18acyxnyw
SN Ia,ZTF18adaslwa
SN II,ZTF18adbadfz
SN Ia,ZTF18aczenvx
SN Ia,ZTF18acwwowy
SN Ia,ZTF18adazbol
SN Ia,ZTF18aczqtpt
SN II,ZTF18adbadic
SN Ia,ZTF18aczemzj
SN II,ZTF18acrygtk
SN Ia,ZTF18acyawjf
SN II,ZTF18acvwdkk
SN Ia,ZTF18aadnqmg
SN II,ZTF18adbclkd
SN Ia,ZTF18adaifep
SN Ia,ZTF18adacoaj
SN II,ZTF18adacicy
SN Ia,ZTF18aczeesl
SN Ia,ZTF18adaadmh
SN Ia,ZTF18aczzrkn
SN Ia,ZTF18acynoro
SN II,ZTF18abvejqt
SN Ia,ZTF18acybdar
SN Ia,ZTF18acvjnst
SN Ia,ZTF18acvcxnc
SN Ia,ZTF18acynmcp
SN Ia,ZTF18acxyarg
SN Ia,ZTF18aczbgpm
SN Ia,ZTF18acwwonp
SN IIn,ZTF18acvgjqv
SN Ia,ZTF18acwyqeg
SN Ia,ZTF18aczdetm
SN Ia,ZTF18acxwtyx
SN Ia,ZTF18acvwhaz
SN Ia,ZTF18acxijqw
SN Ia,ZTF18acutfne
SN Ia,ZTF18acvwmpw
SN Ia,ZTF18acwutbr
SN Ia,ZTF18acvrfvv
SN Ia,ZTF18acusueb
SN II,ZTF18acvilwk
SN Ia,ZTF18acwyowc
SN Ia,ZTF18acusrws
SN Ia,ZTF18acyctqi
SN Ia,ZTF18acyarki
SN Ia,ZTF18acvwbos
SN Ia,ZTF18acvwchp
SN Ia,ZTF18acvwcig
SN Ia,ZTF18acxhvkv
SN IIn,ZTF18acwzyor
SN Ia,ZTF18acuscgc
SN Ia,ZTF18acyyhgi
SN Ia,ZTF18acusbdy
SN Ia,ZTF18acvweal
SN Ia,ZTF18acvguyi
SN Ia,ZTF19aaflnoi
SN Ia,ZTF18acuimze
SN Ia,ZTF18acurfxn
SN Ia,ZTF18acuixmb
SN Ia,ZTF18acsxpmp
SN Ia,ZTF18acsoyiu
SN Ia,ZTF18acurlbt
SN Ia,ZTF18acuscrr
SN II,ZTF18acvwagt
SN Ia,ZTF18acdyypo
SN Ia,ZTF18acrdwcf
SN Ia,ZTF18acsofdh
SN II,ZTF18acrxpzx
SN II,ZTF18acuqskr
SN II,ZTF18acvgyst
SN Ia,ZTF18adalgmc
SN Ia,ZTF18acvgyzr
SN Ia,ZTF18aczesom
SN II,ZTF18acszaiy
SN Ia,ZTF18acsyanq
SN Ia,ZTF18acslpba
SN Ia,ZTF18acrdwag
SN Ia,ZTF18acslbve
SN II,ZTF18acuring
SN II,ZTF18acusnvl
SN Ia,ZTF18acusnoa
SN Ia,ZTF18acusegd
SN Ia,ZTF18acuefvt
SN Ia,ZTF18acspjqd
SN Ia,ZTF18acsohut
SN Ia,ZTF18acrnfww
SN Ia,ZTF18acrgunw
SN Ia,ZTF18acsovsw
SN Ia,ZTF18acsouxk
SN Ia,ZTF18acrxpxd
SN Ia,ZTF18acurlbj
SN Ia,ZTF18actacux
SN Ia,ZTF18actxxcx
SN Ia,ZTF18acusbyf
SN Ia,ZTF18acszgnm
SN Ia,ZTF18acswrpr
SN II,ZTF19aaapneh
SN II,ZTF18acsyaye
SN Ia,ZTF18acsyzca
SLSN-II,ZTF18acsxwdi
SN Ia,ZTF18achjcwv
SN II,ZTF18acszayr
SN Ia,ZTF18acejefd
SN Ia,ZTF18acrvakb
SN Ia,ZTF18acrlmvt
SN Ia,ZTF18acsxusq
SN Ia,ZTF18acrfklz
SN Ia,ZTF18acrtykk
SN Ia,ZTF18acrncou
SN II,ZTF18acrflch
SN Ia,ZTF18acrcgyb
SN Ia,ZTF18acceprh
SN Ia,ZTF18acsycnc
SN Ia,ZTF18actxcuh
SN II,ZTF18acrwheu
SN Ia,ZTF18acslhcq
SN Ia,ZTF18acsxvrp
SN II,ZTF18acsvycn
SN II,ZTF18acrtvmm
SLSN-I,ZTF18achdidy
SN Ia,ZTF18acrxppd
SN Ia,ZTF18acrcizr
SN Ia,ZTF18acrdmmw
SN Ia,ZTF18acpefgk
SN Ia,ZTF18acrknyn
SN Ia,ZTF18acpuxuh
SN IIn,ZTF18acpsrtc
SN Ia,ZTF18acppxgo
SN II,ZTF18acrhehl
SN Ia,ZTF18acnbpkq
SN II,ZTF18acnbptb
SN II,ZTF18acqsroy
SN Ia,ZTF18acqsqry
SN Ia,ZTF18acqpqph
SN II,ZTF18acqppuj
SN Ia,ZTF18acrdlrp
SN II,ZTF18acefuhk
SN Ia,ZTF18acqxsyi
SN Ia,ZTF18acqxcga
SN Ia,ZTF18acqsfxh
SN Ia,ZTF18acptgzz
SN Ia,ZTF18acpscso
SN Ia,ZTF18achmxsx
SN II,ZTF18abufaej
SN II,ZTF18acrcogn
SN Ia,ZTF18acpeemg
SN Ia,ZTF18acqqyah
SN II,ZTF18acqwdla
SN Ia,ZTF18acnbeuu
SN II,ZTF18aatjlhe
SN Ia,ZTF18acpfwmm
SN Ia,ZTF18acmwptq
SN Ia,ZTF18acpeesd
SN II,ZTF18acploez
SN Ia,ZTF18acmyxfx
SN Ia,ZTF18acnbenl
SN Ia,ZTF18acmzpbf
SN Ia,ZTF18acmxkzj
SN Ia,ZTF18acefhxx
SN Ia,ZTF18acdwazf
SN Ia,ZTF18acnnxzz
SN Ia,ZTF18aceyjco
SN Ia,ZTF18acxbksd
SN Ia,ZTF18acmznfc
SN Ia,ZTF18aceynvm
SN Ia,ZTF18acnnxor
SN Ia,ZTF18aceexmi
SN II,ZTF18achtnvk
SN Ia,ZTF18acnbgrb
SN Ia,ZTF18acbwglw
SN Ia,ZTF18acepwhb
SN Ia,ZTF18acbwchi
SN Ia,ZTF18achbllm
SN Ia,ZTF18achaqmd
SN Ia,ZTF18acefxko
SN Ia,ZTF18aceathd
SN Ia,ZTF18acemhyb
SN Ia,ZTF18acclexy
SN Ia,ZTF18acbwlpj
SN Ia,ZTF18acehilk
SN Ia,ZTF21abhpxtz
SN Ia,ZTF18accdzeo
SN II,ZTF18accfjmp
SN Ia,ZTF18acckwox
SN Ia,ZTF18achjnlr
SN II,ZTF18acdxlyu
SN IIn,ZTF18accdzju
SN Ia,ZTF18accsawg
SN Ia,ZTF18accpjkb
SN Ia,ZTF18accndxn
SN Ia,ZTF18acdxhus
SN Ia,ZTF18acdzzyf
SN Ia,ZTF18acchzkf
SN Ia,ZTF18acdwohd
SN II,ZTF18accmkud
SN Ia,ZTF18acebefc
SN Ia,ZTF18accngfb
SN Ia,ZTF18accwjiu
SN Ia,ZTF18acbxsgy
SN Ia,ZTF18acchvwh
SN Ia,ZTF18aaqkjuw
SLSN-II,ZTF18abxbmqh
SN Ia,ZTF18acbznkf
SN Ia,ZTF18accrorf
SN IIn,ZTF18accnfrz
SN Ia,ZTF18acbxmvy
SN Ia,ZTF18accjqzu
SN Ia,ZTF18acckoil
SN II,ZTF18acebssa
SLSN-II,ZTF18abwlupf
SN Ia,ZTF18accqcab
SN Ia,ZTF18aamsgjq
SN Ia,ZTF18acbxrrx
SN Ia,ZTF18acaqcdg
SN Ia,ZTF18acbyyff
SN Ia,ZTF18acbzpxx
SN Ia,ZTF18acbxkpa
SN Ia,ZTF18acbxsge
SN II,ZTF18aakfabl
SN Ia,ZTF18aaemivw
SN Ia,ZTF18acbwasl
SN Ia,ZTF18accjecm
SN Ia,ZTF18acbwtnh
SN II,ZTF18acbwtng
SN Ia,ZTF18acbvcmw
SN Ia,ZTF18acarupz
SN Ia,ZTF18acbwarv
SN Ia,ZTF18adbckhw
SN Ia,ZTF18acbwppb
SN Ia,ZTF18acbwnsh
SN Ia,ZTF18acbxsap
SN Ia,ZTF18acdqmxr
SLSN-II,ZTF18acbvhfl
SN II,ZTF18acbuemc
SLSN-II,ZTF18abuicad
SN Ia,ZTF18acbwxgn
SN Ia,ZTF18acctdhp
SN Ia,ZTF18accbppp
SN Ia,ZTF18acbufud
SN Ia,ZTF18acbvnen
SN II,ZTF18acbxkop
SN Ia,ZTF18acbwtmf
SN II,ZTF18acbwglb
SN IIn,ZTF18acbwvsp
SN Ia,ZTF18aawcwsx
SN Ia,ZTF21aagaehc
SN Ia,ZTF18aawozzj
SLSN-I,ZTF18acapyww
SN Ia,ZTF18acbzpag
SN IIn,ZTF18actwxjw
SN Ia,ZTF18acbxrdw
SN Ia,ZTF18acckipm
SN Ia,ZTF18accdxpa
SN Ia,ZTF18acbxhua
SN II,ZTF18acdvrfu
SN II,ZTF18acbwopo
SN Ia,ZTF18acbwaax
SN Ia,ZTF18acbxhui
SN Ia,ZTF18acdvvej
SN Ia,ZTF18accdvny
SN Ia,ZTF18acefgoc
SN Ia,ZTF18acaqbvs
SN Ia,ZTF18achptkn
SN II,ZTF18acbvhit
SN Ia,ZTF18accdvrb
SN Ia,ZTF18acbvbox
SN Ia,ZTF18acbudzo
SN Ia,ZTF18acbudzh
SN Ia,ZTF18acaszeh
SN Ia,ZTF18acbzojv
SN Ia,ZTF18acbwymh
SN Ia,ZTF18acfvwiy
SN II,ZTF18acbxshd
SN II,ZTF18accbwow
SN Ia,ZTF18abyzksx
SN Ia,ZTF18acacnmr
SN II,ZTF18abxjekh
SN II,ZTF18acakwsu
SN Ia,ZTF18acatuts
SN Ia,ZTF18abzsflf
SN Ia,ZTF18acbwawc
SN Ia,ZTF18acaeous
SN Ia,ZTF18abzbkby
SN Ia,ZTF18abwwfyo
SN Ia,ZTF18abxroxl
SN II,ZTF18abzscns
SN Ia,ZTF18abwbaim
SN Ia,ZTF18abvtrnc
SN Ia,ZTF18abxygvv
SN IIn,ZTF18abxbhov
SN Ia,ZTF18abzpbpi
SN II,ZTF18abzrgim
SN II,ZTF18abyvenk
SN II,ZTF18abvfecb
SN Ia,ZTF18abykswp
SN Ia,ZTF18abxyudf
SN Ia,ZTF18abxxssh
SN Ia,ZTF18abwmuua
SN Ia,ZTF18abywcnl
SN Ia,ZTF18abvbpku
SN Ia,ZTF18abvsvjs
SN Ia,ZTF18abvrzqj
SN II,ZTF18abvvmdf
SN Ia,ZTF18abxdkni
SN Ia,ZTF18abuiknd
SN Ia,ZTF18abwktmm
SN II,ZTF18abxdtyz
SN II,ZTF18abvxoty
SN Ia,ZTF18abxbugc
SN Ia,ZTF18abwxhjo
SN II,ZTF18abwcooy
SN Ia,ZTF18abvxqtp
SN Ia,ZTF18abxbwwf
SN II,ZTF18abvgjft
SN Ia,ZTF18abwerpm
SN Ia,ZTF18abwlonm
SN Ia,ZTF18abtqevs
SN II,ZTF18abxqemv
SN Ia,ZTF18abwkzuc
SN II,ZTF18abwlsoi
SN Ia,ZTF18abwdcdv
SN Ia,ZTF18abwkczr
SN Ia,ZTF18abwckzf
SN Ia,ZTF18abwclem
SN Ia,ZTF18abtogdl
SN Ia,ZTF18abujbio
SN II,ZTF18abuqhje
SN Ia,ZTF18abtgkdo
SN Ia,ZTF18abupiap
SN Ia,ZTF18abtvgxv
SN Ia,ZTF18abtmtfy
SN II,ZTF18abvzdvj
SN Ia,ZTF18abuhyjv
SN Ia,ZTF18abupgql
SN Ia,ZTF18abuxjrd
SN Ia,ZTF18abtxvhy
SN Ia,ZTF18absoomk
SN II,ZTF18abvgivy
SN Ia,ZTF18abvglon
SN Ia,ZTF18abulkrl
SN Ia,ZTF18abuhzfc
SN Ia,ZTF18abucvbf
SN Ia,ZTF18abvejbm
SN Ia,ZTF18abtnlik
SN Ia,ZTF18abujnlz
SN IIn,ZTF18abtswjk
SN Ia,ZTF18abtvhef
SLSN-I,ZTF18abshezu
SN Ia,ZTF18absdxpk
SN Ia,ZTF18abskove
SN Ia,ZTF18abssuxz
SN Ia,ZTF18abuqugw
SN Ia,ZTF18abrzrnb
SN Ia,ZTF18abtfrbf
SN Ia,ZTF18abskzjm
SN Ia,ZTF18abrzhsn
SN Ia,ZTF18acrukkl
SN Ia,ZTF18abtkqkb
SN Ia,ZTF18absnqyo
SN II,ZTF18absbgqd
SN Ia,ZTF18absstyb
SN Ia,ZTF18absspcp
SN II,ZTF18abskoyh
SN Ia,ZTF18abshmro
SN Ia,ZTF18abrzeym
SN Ia,ZTF18abotcjv
SN Ia,ZTF18abotdef
SN Ia,ZTF18aboebsg
SN Ia,ZTF18abrytwr
SN Ia,ZTF18abrzbyt
SN Ia,ZTF18abrzcgl
SN II,ZTF18abrzbum
SN II,ZTF18abscyji
SN II,ZTF18absldfl
SN II,ZTF18abscyjj
SN Ia,ZTF18abqlpgq
SN Ia,ZTF18abpttky
SN II,ZTF18abtrknw
SN Ia,ZTF18absdgon
SN II,ZTF18acgvgiq
SN Ia,ZTF18abrqedj
SN Ia,ZTF18absdbvf
SN Ia,ZTF18abpamut
SN II,ZTF18absclsr
SN Ia,ZTF18abqjurg
SN Ia,ZTF18abqjvyl
SN II,ZTF18abqyvzy
SN Ia,ZTF18aboztku
SN Ia,ZTF18abqdadp
SN Ia,ZTF18abpaywm
SN Ia,ZTF18abpmmpo
SN Ia,ZTF18abokpvh
SN Ia,ZTF18aboqykf
SN Ia,ZTF18abnygkb
SN Ia,ZTF18abmjvpb
SN Ia,ZTF18abobkii
SN Ia,ZTF20acqcqxi
SN Ia,ZTF18abmxdhb
SN Ia,ZTF18abmjyvo
SN Ia,ZTF18abmnrgb
SN Ia,ZTF18abnxhmc
SN Ia,ZTF18abmwnov
SN Ia,ZTF18abntsgz
SN Ia,ZTF18abmjvuf
SN Ia,ZTF18abmxfrc
SN Ia,ZTF18ablqkud
SN II,ZTF18abokyfk
SN Ia,ZTF18abmxmsv
SN Ia,ZTF18abmoung
SN Ia,ZTF18abrxwon
SN II,ZTF18aaqkdwf
SLSN-I,ZTF18ablwafp
SN Ia,ZTF18abmrhom
SN Ia,ZTF18abkhdxe
SN Ia,ZTF18acbxjaa
SN Ia,ZTF18ablqhqx
SN Ia,ZTF18abnonwz
SN Ia,ZTF18ablqqqp
SN Ia,ZTF18abmmdif
SN Ia,ZTF18abmxahs
SN Ia,ZTF18abmmkaz
SN Ia,ZTF18abmogag
SN Ia,ZTF18abmnwjo
SN Ia,ZTF18ablhvfr
SN Ia,ZTF18ablqlzp
SN Ia,ZTF18ablongw
SN Ia,ZTF18ablwtkf
SN Ia,ZTF18abjstcm
SN Ia,ZTF18abltaxf
SN Ia,ZTF18ablqjul
SN II,ZTF18abmdpwe
SN II,ZTF18acatfbp
SN Ia,ZTF18abncsdn
SN Ia,ZTF18accpubd
SN Ia,ZTF18absayvp
SN Ia,ZTF18abltdkd
SN Ia,ZTF18ablmflp
SN Ia,ZTF18abktphg
SN Ia,ZTF18abjyime
SN IIn,ZTF18ablqehq
SN Ia,ZTF18ablrljh
SN Ia,ZTF18abkifng
SN Ia,ZTF18abjtger
SN Ia,ZTF18abvtcoe
SN Ia,ZTF18abkudjo
SN Ia,ZTF18abkigee
SN Ia,ZTF18abdfwur
SN Ia,ZTF18abjtgdo
SN Ia,ZTF18abwuqcw
SN Ia,ZTF18abimsyv
SN Ia,ZTF18abkhbra
SN Ia,ZTF18aartjmf
SN Ia,ZTF18abjvhec
SN II,ZTF18acetlbh
SN Ia,ZTF18abkhcwl
SN Ia,ZTF18abjwahi
SN Ia,ZTF18abkhcrj
SN II,ZTF18abklbam
SN Ia,ZTF18abhqdpv
SN II,ZTF18aavqdyq
SN Ia,ZTF18abjrfqx
SN Ia,ZTF18abjqmqt
SN II,ZTF21abbvzrd
SN II,ZTF18abgqvwv
SN Ia,ZTF18abiirfq
SN II,ZTF18abimhfu
SN Ia,ZTF18abjgyyr
SN Ia,ZTF18abgxvra
SN II,ZTF18abtteyy
SN Ia,ZTF18abjvzxx
SN Ia,ZTF18abklaoj
SN Ia,ZTF18abilofa
SN Ia,ZTF18abhxidv
SN Ia,ZTF18abfwuwn
SN Ia,ZTF18abixkjh
SN II,ZTF18abjndhh
SN Ia,ZTF18aailmnv
SN Ia,ZTF18abhpzig
SN Ia,ZTF18aapaohn
SN Ia,ZTF18abfzkno
SN Ia,ZTF18abixkdo
SN Ia,ZTF18abeegsl
SN Ia,ZTF18abfgygp
SN Ia,ZTF18abdfydj
SN Ia,ZTF18abgkjff
SN Ia,ZTF18abdkimx
SN Ia,ZTF18aansqun
SN Ia,ZTF18abebzog
SN Ia,ZTF18abddrhd
SN II,ZTF18abesqnb
SN Ia,ZTF18abespgb
SN Ia,ZTF18abetewu
SN Ia,ZTF18abgqkpc
SN Ia,ZTF18abdpvnd
SN Ia,ZTF18abetejo
SN Ia,ZTF18abetehf
SN Ia,ZTF18abddmrf
SN Ia,ZTF18abfhaji
SLSN-I,ZTF18aajqcue
SN Ia,ZTF18abeecwe
SN Ia,ZTF18abfhryc
SN II,ZTF18abznpwk
SN Ia,ZTF18abgledy
SN Ia,ZTF18ablqdrj
SN II,ZTF18abffyqp
SN II,ZTF18abeajml
SN Ia,ZTF18abeaipj
SN Ia,ZTF18abdrmin
SN Ia,ZTF18abcysdx
SN Ia,ZTF18abdefet
SN Ia,ZTF18abdiqdh
SN Ia,ZTF18abdiwpt
SN Ia,ZTF18abcvush
SN Ia,ZTF18abdgwxn
SN Ia,ZTF18abdfazk
SN Ia,ZTF18abdbuty
SN Ia,ZTF18abcecfi
SN II,ZTF18abcezmh
SN II,ZTF18abdbysy
SN Ia,ZTF18abdfaqi
SN Ia,ZTF18abcsgvj
SN Ia,ZTF18abdcfgz
SN Ia,ZTF18abcrzfz
SN Ia,ZTF18abcrxoj
SN Ia,ZTF18abcryxz
SN Ia,ZTF18abcrtnq
SN Ia,ZTF18abckujg
SN Ia,ZTF18abcicrq
SN Ia,ZTF18abbqjds
SN Ia,ZTF18abbpeqo
SN II,ZTF18abceakp
SN Ia,ZTF18abcpolh
SN Ia,ZTF18abckujq
SN Ia,ZTF18aayidfz
SN Ia,ZTF18abcflnz
SN II,ZTF18abcyhju
SN II,ZTF18abcptmt
SN Ia,ZTF18aazhwnh
SN Ia,ZTF18abcdzyc
SN Ia,ZTF18aayiahw
SN II,ZTF18abaelhi
SN Ia,ZTF18aayivxm
SN Ia,ZTF18abbvsiv
SN Ia,ZTF18abaxlpi
SN Ia,ZTF18abcxyjp
SN Ia,ZTF18aazjztm
SN Ia,ZTF18aazabmh
SN Ia,ZTF18abadjhx
SN Ia,ZTF18aazsabq
SN Ia,ZTF18aazcoob
SN Ia,ZTF18aazblzy
SN Ia,ZTF18abuuimf
SN Ia,ZTF18aayivoq
SN Ia,ZTF18aazixbw
SN Ia,ZTF18aaydmkh
SN Ia,ZTF18aaxtcdm
SN Ia,ZTF18aaxvpsw
SN Ia,ZTF18aaxwjmp
SN Ia,ZTF18aayjyub
SN Ia,ZTF18aaylbjm
SN Ia,ZTF18aayxupv
SN Ia,ZTF18aaxqyki
SN Ia,ZTF18aayjvve
SN Ia,ZTF18aaxkjmm
SN Ia,ZTF18aaxmhvk
SN Ia,ZTF18aaznkid
SN Ia,ZTF18abolvsx
SN Ia,ZTF18aazgfkq
SN Ia,ZTF18aashtth
SN Ia,ZTF18abaeawz
SN Ia,ZTF18aazxthg
SN IIn,ZTF18aaxxfgs
SN Ia,ZTF18aawpcel
SN IIn,ZTF18aaxjuwy
SN II,ZTF18aavpady
SN Ia,ZTF18aaxsioa
SN Ia,ZTF18aaxmixe
SN Ia,ZTF18aauhxce
SN Ia,ZTF18aawxlxf
SN Ia,ZTF18aaxxfah
SN Ia,ZTF18aaxkfos
SN Ia,ZTF18aaxdrjn
SN II,ZTF18aaxnqjb
SN Ia,ZTF18aaqqhis
SN II,ZTF18aawyjjq
SN Ia,ZTF18aaxavsk
SN Ia,ZTF18aaxcntm
SN Ia,ZTF18aawjywv
SN Ia,ZTF18aawczad
SN Ia,ZTF18aataafd
SN Ia,ZTF18aarxzmv
SN Ia,ZTF18aauocnw
SN Ia,ZTF18aavnxar
SLSN-I,ZTF18aapgrxo
SN Ia,ZTF18aawdpnm
SN Ia,ZTF18aaylcvo
SN Ia,ZTF18aavnvmp
SN Ia,ZTF18aavrwhu
SN Ia,ZTF18aaqcqvr
SN Ia,ZTF18aarqnje
SN Ia,ZTF18aaslhxt
SN II,ZTF18aasxvsg
SN Ia,ZTF18aaumlfl
SN Ia,ZTF18aatzygk
SN Ia,ZTF18aaupmks
SN Ia,ZTF18aavjnfx
SN Ia,ZTF18aauxltf
SN II,ZTF18aarpttw
SN Ia,ZTF18aaqcozd
SN Ia,ZTF18aaqgadq
SN IIn,ZTF18aarasof
SN Ia,ZTF18aasdted
SN Ia,ZTF18aaqskoy
SN Ia,ZTF18aaqnrum
SN Ia,ZTF18aaqffyp
SN Ia,ZTF18aaqfziz
SN Ia,ZTF18aaqcugm
SN Ia,ZTF18aapqwyv
SN Ia,ZTF18abltebf
SN Ia,ZTF18aapsedq
SN Ia,ZTF18aaqehoc
SN Ia,ZTF18aaphzut
SN Ia,ZTF18aaqgbju
SN Ia,ZTF18aaqedfj
SN Ia,ZTF18aaodrgt
SN II,ZTF18aartimj
SN Ia,ZTF18aaovbiy
SN Ia,ZTF18aakzliv
SN Ia,ZTF18aakecej
SN Ia,ZTF18aagrgao
SN II,ZTF18aahmrtf
SN Ia,ZTF18aairuad
SN Ia,ZTF18aahheaj
SN Ia,ZTF18aahjaxz
SN Ia,ZTF18aahfgsk
SN Ia,ZTF18aahfzea
SN II,ZTF18aahhqih
SN Ia,ZTF18abcscfv
SN Ia,ZTF18aabtaor
SN Ia,ZTF18aaxmmyt
